Date,Start (ET),Visitor/Neutral,PTS,Home/Neutral,PTS,,,Attend.,LOG,Arena,Notes
Tue Oct 21 2025,7:30p,HOU,124,OKC,125,Box Score,2OT,18203,3:15,Paycom Center,
Tue Oct 21 2025,10:00p,GSW,119,LAL,109,Box Score,,18997,2:26,Crypto.com Arena,
Wed Oct 22 2025,7:00p,BKN,117,CHA,136,Box Score,,19516,2:28,Spectrum Center,
Wed Oct 22 2025,7:00p,CLE,111,NYK,119,Box Score,,19812,2:28,Madison Square Garden (IV),
Wed Oct 22 2025,7:00p,MIA,121,ORL,125,Box Score,,19186,2:26,Kia Center,
Wed Oct 22 2025,7:30p,PHI,117,BOS,116,Box Score,,19156,2:28,TD Garden,
Wed Oct 22 2025,7:30p,TOR,138,ATL,118,Box Score,,17811,2:26,State Farm Arena,
Wed Oct 22 2025,8:00p,DET,111,CHI,115,Box Score,,21381,2:29,United Center,
Wed Oct 22 2025,8:00p,NOP,122,MEM,128,Box Score,,17794,2:35,FedExForum,
Wed Oct 22 2025,8:00p,WAS,120,MIL,133,Box Score,,17341,2:13,Fiserv Forum,
Wed Oct 22 2025,9:00p,LAC,108,UTA,129,Box Score,,18186,2:15,Delta Center,
Wed Oct 22 2025,9:30p,SAS,125,DAL,92,Box Score,,20122,2:26,American Airlines Center,
Wed Oct 22 2025,10:00p,MIN,118,POR,114,Box Score,,19335,2:21,Moda Center,
Wed Oct 22 2025,10:00p,SAC,116,PHX,120,Box Score,,17071,2:25,Mortgage Matchup Center,
Thu Oct 23 2025,7:30p,OKC,141,IND,135,Box Score,2OT,17274,3:13,Gainbridge Fieldhouse,
Thu Oct 23 2025,10:00p,DEN,131,GSW,137,Box Score,OT,18064,2:28,Chase Center,
Fri Oct 24 2025,6:30p,MIL,122,TOR,116,Box Score,,19615,2:25,Scotiabank Arena,
Fri Oct 24 2025,7:00p,ATL,111,ORL,107,Box Score,,18004,2:29,Kia Center,
Fri Oct 24 2025,7:30p,CLE,131,BKN,124,Box Score,,17548,2:24,Barclays Center,
Fri Oct 24 2025,7:30p,BOS,95,NYK,105,Box Score,,19812,2:22,Madison Square Garden (IV),
Fri Oct 24 2025,8:00p,DET,115,HOU,111,Box Score,,18055,2:44,Toyota Center,
Fri Oct 24 2025,8:00p,SAS,120,NOP,116,Box Score,OT,18363,2:43,Smoothie King Center,
Fri Oct 24 2025,8:00p,MIA,146,MEM,114,Box Score,,14641,2:09,FedExForum,
Fri Oct 24 2025,8:30p,WAS,117,DAL,107,Box Score,,19225,2:22,American Airlines Center,
Fri Oct 24 2025,10:00p,MIN,110,LAL,128,Box Score,,18642,2:26,Crypto.com Arena,
Fri Oct 24 2025,10:00p,GSW,119,POR,139,Box Score,,18090,2:22,Moda Center,
Fri Oct 24 2025,10:00p,UTA,104,SAC,105,Box Score,,17832,2:12,Golden 1 Center,
Fri Oct 24 2025,10:30p,PHX,102,LAC,129,Box Score,,17927,2:19,Intuit Dome,
Sat Oct 25 2025,7:00p,CHI,110,ORL,98,Box Score,,19117,2:18,Kia Center,
Sat Oct 25 2025,7:30p,OKC,117,ATL,100,Box Score,,16450,2:13,State Farm Arena,
Sat Oct 25 2025,7:30p,CHA,121,PHI,125,Box Score,,19124,2:29,Xfinity Mobile Arena,
Sat Oct 25 2025,8:00p,IND,103,MEM,128,Box Score,,15441,2:16,FedExForum,
Sat Oct 25 2025,9:00p,PHX,111,DEN,133,Box Score,,20025,2:24,Ball Arena,
Sun Oct 26 2025,2:00p,BKN,107,SAS,118,Box Score,,19016,2:33,Frost Bank Center,
Sun Oct 26 2025,3:30p,BOS,113,DET,119,Box Score,,20062,2:45,Little Caesars Arena,
Sun Oct 26 2025,6:00p,CHA,139,WAS,113,Box Score,,16307,2:26,Capital One Arena,
Sun Oct 26 2025,6:00p,NYK,107,MIA,115,Box Score,,19600,2:21,Kaseya Center,
Sun Oct 26 2025,6:00p,MIL,113,CLE,118,Box Score,,19432,2:35,Rocket Arena,
Sun Oct 26 2025,7:00p,IND,110,MIN,114,Box Score,,18978,2:29,Target Center,
Sun Oct 26 2025,7:30p,TOR,129,DAL,139,Box Score,,19232,2:26,American Airlines Center,
Sun Oct 26 2025,9:00p,LAL,127,SAC,120,Box Score,,17832,,Golden 1 Center,
Sun Oct 26 2025,9:00p,POR,107,LAC,114,Box Score,,17927,2:24,Intuit Dome,
Mon Oct 27 2025,7:00p,CLE,116,DET,95,Box Score,,18933,2:28,Little Caesars Arena,
Mon Oct 27 2025,7:00p,ORL,124,PHI,136,Box Score,,18377,2:33,Xfinity Mobile Arena,
Mon Oct 27 2025,8:00p,ATL,123,CHI,128,Box Score,,18094,2:13,United Center,
Mon Oct 27 2025,8:00p,BKN,109,HOU,137,Box Score,,18055,2:09,Toyota Center,
Mon Oct 27 2025,8:00p,BOS,122,NOP,90,Box Score,,16787,2:14,Smoothie King Center,
Mon Oct 27 2025,8:00p,TOR,103,SAS,121,Box Score,,18354,2:21,Frost Bank Center,
Mon Oct 27 2025,8:30p,OKC,101,DAL,94,Box Score,,19303,2:17,American Airlines Center,
Mon Oct 27 2025,9:00p,PHX,134,UTA,138,Box Score,OT,18186,2:43,Delta Center,
Mon Oct 27 2025,9:30p,DEN,127,MIN,114,Box Score,,14018,2:27,Target Center,
Mon Oct 27 2025,10:00p,MEM,118,GSW,131,Box Score,,18064,2:27,Chase Center,
Mon Oct 27 2025,10:30p,POR,122,LAL,108,Box Score,,18512,2:15,Crypto.com Arena,
Tue Oct 28 2025,7:00p,PHI,139,WAS,134,Box Score,OT,15529,2:38,Capital One Arena,
Tue Oct 28 2025,7:30p,CHA,117,MIA,144,Box Score,,19600,2:13,Kaseya Center,
Tue Oct 28 2025,8:00p,NYK,111,MIL,121,Box Score,,16309,2:20,Fiserv Forum,
Tue Oct 28 2025,8:00p,SAC,101,OKC,107,Box Score,,18203,2:07,Paycom Center,
Tue Oct 28 2025,11:00p,LAC,79,GSW,98,Box Score,,18064,2:11,Chase Center,
Wed Oct 29 2025,6:30p,HOU,139,TOR,121,Box Score,,17234,2:15,Scotiabank Arena,
Wed Oct 29 2025,7:00p,CLE,105,BOS,125,Box Score,,19156,2:21,TD Garden,
Wed Oct 29 2025,7:00p,ORL,116,DET,135,Box Score,,19244,2:32,Little Caesars Arena,
Wed Oct 29 2025,7:30p,ATL,117,BKN,112,Box Score,,17548,2:17,Barclays Center,
Wed Oct 29 2025,8:00p,SAC,113,CHI,126,Box Score,,19017,2:11,United Center,
Wed Oct 29 2025,8:30p,IND,105,DAL,107,Box Score,,19141,2:33,American Airlines Center,
Wed Oct 29 2025,9:00p,POR,136,UTA,134,Box Score,,18186,2:36,Delta Center,
Wed Oct 29 2025,9:00p,NOP,88,DEN,122,Box Score,,19533,2:05,Ball Arena,
Wed Oct 29 2025,9:30p,LAL,116,MIN,115,Box Score,,15308,2:23,Target Center,
Wed Oct 29 2025,10:00p,MEM,114,PHX,113,Box Score,,17071,2:15,Mortgage Matchup Center,
Thu Oct 30 2025,7:00p,ORL,123,CHA,107,Box Score,,18478,2:11,Spectrum Center,
Thu Oct 30 2025,8:00p,GSW,110,MIL,120,Box Score,,17341,2:19,Fiserv Forum,
Thu Oct 30 2025,8:00p,WAS,108,OKC,127,Box Score,,18203,2:08,Paycom Center,
Thu Oct 30 2025,8:30p,MIA,101,SAS,107,Box Score,,18702,2:15,Frost Bank Center,
Fri Oct 31 2025,7:00p,ATL,128,IND,108,Box Score,,16212,2:18,Gainbridge Fieldhouse,NBA Cup
Fri Oct 31 2025,7:00p,BOS,109,PHI,108,Box Score,,19746,2:25,Xfinity Mobile Arena,NBA Cup
Fri Oct 31 2025,7:30p,TOR,112,CLE,101,Box Score,,19432,2:15,Rocket Arena,NBA Cup
Fri Oct 31 2025,8:00p,NYK,125,CHI,135,Box Score,,18330,2:29,United Center,NBA Cup
Fri Oct 31 2025,9:30p,LAL,117,MEM,112,Box Score,,16122,2:20,FedExForum,NBA Cup
Fri Oct 31 2025,10:00p,UTA,96,PHX,118,Box Score,,17071,2:18,Mortgage Matchup Center,NBA Cup
Fri Oct 31 2025,10:00p,DEN,107,POR,109,Box Score,,16382,2:40,Moda Center,NBA Cup
Fri Oct 31 2025,10:30p,NOP,124,LAC,126,Box Score,,16083,2:17,Intuit Dome,NBA Cup
Sat Nov 1 2025,5:00p,SAC,135,MIL,133,Box Score,,17341,2:35,Fiserv Forum,
Sat Nov 1 2025,6:00p,MIN,122,CHA,105,Box Score,,19444,2:17,Spectrum Center,
Sat Nov 1 2025,7:00p,GSW,109,IND,114,Box Score,,17274,2:26,Gainbridge Fieldhouse,
Sat Nov 1 2025,7:00p,ORL,125,WAS,94,Box Score,,14602,2:07,Capital One Arena,
Sat Nov 1 2025,8:00p,HOU,128,BOS,101,Box Score,,19156,2:07,TD Garden,
Sat Nov 1 2025,10:00p,DAL,110,DET,122,Box Score,,20385,2:39,Mexico City Arena,
Sun Nov 2 2025,3:30p,NOP,106,OKC,137,Box Score,,18203,2:12,Paycom Center,
Sun Nov 2 2025,6:00p,PHI,129,BKN,105,Box Score,,17548,2:15,Barclays Center,
Sun Nov 2 2025,6:00p,UTA,103,CHA,126,Box Score,,17123,2:20,Spectrum Center,
Sun Nov 2 2025,6:00p,ATL,109,CLE,117,Box Score,,19432,2:26,Rocket Arena,
Sun Nov 2 2025,6:00p,MEM,104,TOR,117,Box Score,,16746,2:12,Scotiabank Arena,
Sun Nov 2 2025,7:00p,CHI,116,NYK,128,Box Score,,19812,2:16,Madison Square Garden (IV),
Sun Nov 2 2025,8:00p,SAS,118,PHX,130,Box Score,,17071,2:18,Mortgage Matchup Center,
Sun Nov 2 2025,9:30p,MIA,120,LAL,130,Box Score,,18831,2:23,Crypto.com Arena,
Mon Nov 3 2025,7:00p,MIN,125,BKN,109,Box Score,,17287,2:32,Barclays Center,
Mon Nov 3 2025,7:00p,MIL,117,IND,115,Box Score,,17016,2:28,Gainbridge Fieldhouse,
Mon Nov 3 2025,7:30p,UTA,105,BOS,103,Box Score,,19156,2:27,TD Garden,
Mon Nov 3 2025,7:30p,WAS,102,NYK,119,Box Score,,19812,2:15,Madison Square Garden (IV),
Mon Nov 3 2025,8:00p,DAL,102,HOU,110,Box Score,,18055,2:28,Toyota Center,
Mon Nov 3 2025,8:00p,DET,114,MEM,106,Box Score,,13822,2:22,FedExForum,
Mon Nov 3 2025,9:00p,SAC,124,DEN,130,Box Score,,19653,2:13,Ball Arena,
Mon Nov 3 2025,10:00p,LAL,123,POR,115,Box Score,,17083,2:15,Moda Center,
Mon Nov 3 2025,10:30p,MIA,120,LAC,119,Box Score,,17045,2:12,Intuit Dome,
Tue Nov 4 2025,7:30p,MIL,,TOR,,,,,,Scotiabank Arena,
Tue Nov 4 2025,8:00p,ORL,,ATL,,,,,,State Farm Arena,
Tue Nov 4 2025,8:00p,PHI,,CHI,,,,,,United Center,
Tue Nov 4 2025,8:00p,CHA,,NOP,,,,,,Smoothie King Center,
Tue Nov 4 2025,10:00p,PHX,,GSW,,,,,,Chase Center,
Tue Nov 4 2025,11:00p,OKC,,LAC,,,,,,Intuit Dome,
Wed Nov 5 2025,7:00p,PHI,,CLE,,,,,,Rocket Arena,
Wed Nov 5 2025,7:00p,UTA,,DET,,,,,,Little Caesars Arena,
Wed Nov 5 2025,7:00p,BKN,,IND,,,,,,Gainbridge Fieldhouse,
Wed Nov 5 2025,7:30p,WAS,,BOS,,,,,,TD Garden,
Wed Nov 5 2025,7:30p,MIN,,NYK,,,,,,Madison Square Garden (IV),
Wed Nov 5 2025,8:00p,HOU,,MEM,,,,,,FedExForum,
Wed Nov 5 2025,8:30p,NOP,,DAL,,,,,,American Airlines Center,
Wed Nov 5 2025,9:00p,MIA,,DEN,,,,,,Ball Arena,
Wed Nov 5 2025,10:00p,SAS,,LAL,,,,,,Crypto.com Arena,
Wed Nov 5 2025,10:00p,OKC,,POR,,,,,,Moda Center,
Wed Nov 5 2025,10:00p,GSW,,SAC,,,,,,Golden 1 Center,
Thu Nov 6 2025,9:00p,LAC,,PHX,,,,,,Mortgage Matchup Center,
Fri Nov 7 2025,7:00p,BOS,,ORL,,,,,,Kia Center,NBA Cup
Fri Nov 7 2025,7:00p,CLE,,WAS,,,,,,Capital One Arena,NBA Cup
Fri Nov 7 2025,7:30p,TOR,,ATL,,,,,,State Farm Arena,NBA Cup
Fri Nov 7 2025,7:30p,DET,,BKN,,,,,,Barclays Center,NBA Cup
Fri Nov 7 2025,7:30p,HOU,,SAS,,,,,,Frost Bank Center,NBA Cup
Fri Nov 7 2025,8:00p,DAL,,MEM,,,,,,FedExForum,NBA Cup
Fri Nov 7 2025,8:00p,CHA,,MIA,,,,,,Kaseya Center,NBA Cup
Fri Nov 7 2025,8:00p,CHI,,MIL,,,,,,Fiserv Forum,NBA Cup
Fri Nov 7 2025,8:00p,UTA,,MIN,,,,,,Target Center,NBA Cup
Fri Nov 7 2025,10:00p,GSW,,DEN,,,,,,Ball Arena,NBA Cup
Fri Nov 7 2025,10:00p,OKC,,SAC,,,,,,Golden 1 Center,NBA Cup
Sat Nov 8 2025,7:00p,DAL,,WAS,,,,,,Capital One Arena,
Sat Nov 8 2025,7:30p,TOR,,PHI,,,,,,Xfinity Mobile Arena,
Sat Nov 8 2025,8:00p,LAL,,ATL,,,,,,State Farm Arena,
Sat Nov 8 2025,8:00p,CHI,,CLE,,,,,,Rocket Arena,
Sat Nov 8 2025,8:00p,POR,,MIA,,,,,,Kaseya Center,
Sat Nov 8 2025,8:00p,NOP,,SAS,,,,,,Frost Bank Center,
Sat Nov 8 2025,9:00p,IND,,DEN,,,,,,Ball Arena,
Sat Nov 8 2025,10:30p,PHX,,LAC,,,,,,Intuit Dome,
Sun Nov 9 2025,3:30p,HOU,,MIL,,,,,,Fiserv Forum,
Sun Nov 9 2025,6:00p,OKC,,MEM,,,,,,FedExForum,
Sun Nov 9 2025,6:00p,BKN,,NYK,,,,,,Madison Square Garden (IV),
Sun Nov 9 2025,6:00p,BOS,,ORL,,,,,,Kia Center,
Sun Nov 9 2025,7:30p,DET,,PHI,,,,,,Xfinity Mobile Arena,
Sun Nov 9 2025,8:30p,IND,,GSW,,,,,,Chase Center,
Sun Nov 9 2025,9:00p,MIN,,SAC,,,,,,Golden 1 Center,
Mon Nov 10 2025,7:00p,LAL,,CHA,,,,,,Spectrum Center,
Mon Nov 10 2025,7:00p,WAS,,DET,,,,,,Little Caesars Arena,
Mon Nov 10 2025,7:00p,POR,,ORL,,,,,,Kia Center,
Mon Nov 10 2025,7:30p,CLE,,MIA,,,,,,Kaseya Center,
Mon Nov 10 2025,8:00p,SAS,,CHI,,,,,,United Center,
Mon Nov 10 2025,8:30p,MIL,,DAL,,,,,,American Airlines Center,
Mon Nov 10 2025,9:00p,NOP,,PHX,,,,,,Mortgage Matchup Center,
Mon Nov 10 2025,9:00p,MIN,,UTA,,,,,,Delta Center,
Mon Nov 10 2025,10:30p,ATL,,LAC,,,,,,Intuit Dome,
Tue Nov 11 2025,7:30p,TOR,,BKN,,,,,,Barclays Center,
Tue Nov 11 2025,7:30p,MEM,,NYK,,,,,,Madison Square Garden (IV),
Tue Nov 11 2025,8:00p,GSW,,OKC,,,,,,Paycom Center,
Tue Nov 11 2025,8:00p,BOS,,PHI,,,,,,Xfinity Mobile Arena,
Tue Nov 11 2025,9:00p,IND,,UTA,,,,,,Delta Center,
Tue Nov 11 2025,11:00p,DEN,,SAC,,,,,,Golden 1 Center,
Wed Nov 12 2025,7:00p,MIL,,CHA,,,,,,Spectrum Center,
Wed Nov 12 2025,7:00p,CHI,,DET,,,,,,Little Caesars Arena,
Wed Nov 12 2025,7:00p,ORL,,NYK,,,,,,Madison Square Garden (IV),
Wed Nov 12 2025,7:30p,MEM,,BOS,,,,,,TD Garden,
Wed Nov 12 2025,7:30p,CLE,,MIA,,,,,,Kaseya Center,
Wed Nov 12 2025,8:00p,WAS,,HOU,,,,,,Toyota Center,
Wed Nov 12 2025,8:00p,POR,,NOP,,,,,,Smoothie King Center,
Wed Nov 12 2025,8:00p,GSW,,SAS,,,,,,Frost Bank Center,
Wed Nov 12 2025,8:30p,PHX,,DAL,,,,,,American Airlines Center,
Wed Nov 12 2025,9:30p,LAL,,OKC,,,,,,Paycom Center,
Wed Nov 12 2025,10:00p,ATL,,SAC,,,,,,Golden 1 Center,
Wed Nov 12 2025,10:30p,DEN,,LAC,,,,,,Intuit Dome,
Thu Nov 13 2025,7:00p,TOR,,CLE,,,,,,Rocket Arena,
Thu Nov 13 2025,9:00p,IND,,PHX,,,,,,Mortgage Matchup Center,
Thu Nov 13 2025,9:00p,ATL,,UTA,,,,,,Delta Center,
Fri Nov 14 2025,7:00p,MIA,,NYK,,,,,,Madison Square Garden (IV),NBA Cup
Fri Nov 14 2025,7:00p,BKN,,ORL,,,,,,Kia Center,NBA Cup
Fri Nov 14 2025,7:30p,PHI,,DET,,,,,,Little Caesars Arena,NBA Cup
Fri Nov 14 2025,8:00p,POR,,HOU,,,,,,Toyota Center,NBA Cup
Fri Nov 14 2025,8:00p,CHA,,MIL,,,,,,Fiserv Forum,NBA Cup
Fri Nov 14 2025,8:00p,SAC,,MIN,,,,,,Target Center,NBA Cup
Fri Nov 14 2025,8:00p,LAL,,NOP,,,,,,Smoothie King Center,NBA Cup
Fri Nov 14 2025,8:30p,LAC,,DAL,,,,,,American Airlines Center,NBA Cup
Fri Nov 14 2025,9:30p,GSW,,SAS,,,,,,Frost Bank Center,NBA Cup
Sat Nov 15 2025,5:00p,MEM,,CLE,,,,,,Rocket Arena,
Sat Nov 15 2025,7:00p,OKC,,CHA,,,,,,Spectrum Center,
Sat Nov 15 2025,7:00p,TOR,,IND,,,,,,Gainbridge Fieldhouse,
Sat Nov 15 2025,8:00p,LAL,,MIL,,,,,,Fiserv Forum,
Sat Nov 15 2025,8:00p,DEN,,MIN,,,,,,Target Center,
Sun Nov 16 2025,3:30p,LAC,,BOS,,,,,,TD Garden,
Sun Nov 16 2025,4:00p,SAC,,SAS,,,,,,Frost Bank Center,
Sun Nov 16 2025,6:00p,BKN,,WAS,,,,,,Capital One Arena,
Sun Nov 16 2025,7:00p,ORL,,HOU,,,,,,Toyota Center,
Sun Nov 16 2025,7:00p,GSW,,NOP,,,,,,Smoothie King Center,
Sun Nov 16 2025,7:30p,POR,,DAL,,,,,,American Airlines Center,
Sun Nov 16 2025,8:00p,ATL,,PHX,,,,,,Mortgage Matchup Center,
Sun Nov 16 2025,8:00p,CHI,,UTA,,,,,,Delta Center,
Mon Nov 17 2025,7:00p,MIL,,CLE,,,,,,Rocket Arena,
Mon Nov 17 2025,7:00p,IND,,DET,,,,,,Little Caesars Arena,
Mon Nov 17 2025,7:00p,LAC,,PHI,,,,,,Xfinity Mobile Arena,
Mon Nov 17 2025,7:30p,NYK,,MIA,,,,,,Kaseya Center,
Mon Nov 17 2025,7:30p,CHA,,TOR,,,,,,Scotiabank Arena,
Mon Nov 17 2025,8:00p,DAL,,MIN,,,,,,Target Center,
Mon Nov 17 2025,8:00p,OKC,,NOP,,,,,,Smoothie King Center,
Mon Nov 17 2025,9:00p,CHI,,DEN,,,,,,Ball Arena,
Tue Nov 18 2025,7:00p,GSW,,ORL,,,,,,Kia Center,
Tue Nov 18 2025,7:30p,BOS,,BKN,,,,,,Barclays Center,
Tue Nov 18 2025,8:00p,DET,,ATL,,,,,,State Farm Arena,
Tue Nov 18 2025,8:00p,MEM,,SAS,,,,,,Frost Bank Center,
Tue Nov 18 2025,10:30p,UTA,,LAL,,,,,,Crypto.com Arena,
Tue Nov 18 2025,11:00p,PHX,,POR,,,,,,Moda Center,
Wed Nov 19 2025,7:00p,HOU,,CLE,,,,,,Rocket Arena,
Wed Nov 19 2025,7:00p,CHA,,IND,,,,,,Gainbridge Fieldhouse,
Wed Nov 19 2025,7:00p,GSW,,MIA,,,,,,Kaseya Center,
Wed Nov 19 2025,7:00p,TOR,,PHI,,,,,,Xfinity Mobile Arena,
Wed Nov 19 2025,8:00p,WAS,,MIN,,,,,,Target Center,
Wed Nov 19 2025,8:00p,DEN,,NOP,,,,,,Smoothie King Center,
Wed Nov 19 2025,8:00p,SAC,,OKC,,,,,,Paycom Center,
Wed Nov 19 2025,9:30p,NYK,,DAL,,,,,,American Airlines Center,
Wed Nov 19 2025,10:00p,CHI,,POR,,,,,,Moda Center,
Thu Nov 20 2025,7:00p,LAC,,ORL,,,,,,Kia Center,
Thu Nov 20 2025,8:00p,SAC,,MEM,,,,,,FedExForum,
Thu Nov 20 2025,8:00p,PHI,,MIL,,,,,,Fiserv Forum,
Thu Nov 20 2025,8:00p,ATL,,SAS,,,,,,Frost Bank Center,
Fri Nov 21 2025,7:00p,IND,,CLE,,,,,,Rocket Arena,NBA Cup
Fri Nov 21 2025,7:30p,BKN,,BOS,,,,,,TD Garden,NBA Cup
Fri Nov 21 2025,7:30p,WAS,,TOR,,,,,,Scotiabank Arena,NBA Cup
Fri Nov 21 2025,8:00p,MIA,,CHI,,,,,,United Center,NBA Cup
Fri Nov 21 2025,8:30p,NOP,,DAL,,,,,,American Airlines Center,NBA Cup
Fri Nov 21 2025,9:00p,MIN,,PHX,,,,,,Mortgage Matchup Center,NBA Cup
Fri Nov 21 2025,9:30p,DEN,,HOU,,,,,,Toyota Center,NBA Cup
Fri Nov 21 2025,10:00p,POR,,GSW,,,,,,Chase Center,NBA Cup
Fri Nov 21 2025,10:00p,OKC,,UTA,,,,,,Delta Center,NBA Cup
Sat Nov 22 2025,1:00p,LAC,,CHA,,,,,,Spectrum Center,
Sat Nov 22 2025,5:00p,NYK,,ORL,,,,,,Kia Center,
Sat Nov 22 2025,7:00p,ATL,,NOP,,,,,,Smoothie King Center,
Sat Nov 22 2025,8:00p,WAS,,CHI,,,,,,United Center,
Sat Nov 22 2025,8:00p,DET,,MIL,,,,,,Fiserv Forum,
Sat Nov 22 2025,8:30p,MEM,,DAL,,,,,,American Airlines Center,
Sat Nov 22 2025,10:00p,SAC,,DEN,,,,,,Ball Arena,
Sun Nov 23 2025,1:00p,MIA,,PHI,,,,,,Xfinity Mobile Arena,
Sun Nov 23 2025,6:00p,CHA,,ATL,,,,,,State Farm Arena,
Sun Nov 23 2025,6:00p,ORL,,BOS,,,,,,TD Garden,
Sun Nov 23 2025,6:00p,LAC,,CLE,,,,,,Rocket Arena,
Sun Nov 23 2025,6:00p,BKN,,TOR,,,,,,Scotiabank Arena,
Sun Nov 23 2025,7:00p,POR,,OKC,,,,,,Paycom Center,
Sun Nov 23 2025,8:00p,SAS,,PHX,,,,,,Mortgage Matchup Center,
Sun Nov 23 2025,8:00p,LAL,,UTA,,,,,,Delta Center,
Mon Nov 24 2025,7:00p,DET,,IND,,,,,,Gainbridge Fieldhouse,
Mon Nov 24 2025,7:00p,CLE,,TOR,,,,,,Scotiabank Arena,
Mon Nov 24 2025,7:30p,NYK,,BKN,,,,,,Barclays Center,
Mon Nov 24 2025,7:30p,DAL,,MIA,,,,,,Kaseya Center,
Mon Nov 24 2025,8:00p,DEN,,MEM,,,,,,FedExForum,
Mon Nov 24 2025,8:00p,POR,,MIL,,,,,,Fiserv Forum,
Mon Nov 24 2025,8:00p,CHI,,NOP,,,,,,Smoothie King Center,
Mon Nov 24 2025,9:30p,HOU,,PHX,,,,,,Mortgage Matchup Center,
Mon Nov 24 2025,10:00p,UTA,,GSW,,,,,,Chase Center,
Mon Nov 24 2025,10:00p,MIN,,SAC,,,,,,Golden 1 Center,
Tue Nov 25 2025,7:00p,ATL,,WAS,,,,,,Capital One Arena,NBA Cup
Tue Nov 25 2025,8:00p,ORL,,PHI,,,,,,Xfinity Mobile Arena,NBA Cup
Tue Nov 25 2025,11:00p,LAC,,LAL,,,,,,Crypto.com Arena,NBA Cup
Wed Nov 26 2025,5:00p,DET,,BOS,,,,,,TD Garden,NBA Cup
Wed Nov 26 2025,7:00p,NYK,,CHA,,,,,,Spectrum Center,NBA Cup
Wed Nov 26 2025,7:30p,MIL,,MIA,,,,,,Kaseya Center,NBA Cup
Wed Nov 26 2025,7:30p,MIN,,OKC,,,,,,Paycom Center,NBA Cup
Wed Nov 26 2025,7:30p,IND,,TOR,,,,,,Scotiabank Arena,NBA Cup
Wed Nov 26 2025,8:00p,MEM,,NOP,,,,,,Smoothie King Center,NBA Cup
Wed Nov 26 2025,10:00p,HOU,,GSW,,,,,,Chase Center,NBA Cup
Wed Nov 26 2025,10:00p,SAS,,POR,,,,,,Moda Center,NBA Cup
Wed Nov 26 2025,10:00p,PHX,,SAC,,,,,,Golden 1 Center,NBA Cup
Fri Nov 28 2025,7:30p,CLE,,ATL,,,,,,State Farm Arena,NBA Cup
Fri Nov 28 2025,7:30p,PHI,,BKN,,,,,,Barclays Center,NBA Cup
Fri Nov 28 2025,7:30p,CHI,,CHA,,,,,,Spectrum Center,NBA Cup
Fri Nov 28 2025,7:30p,ORL,,DET,,,,,,Little Caesars Arena,NBA Cup
Fri Nov 28 2025,7:30p,WAS,,IND,,,,,,Gainbridge Fieldhouse,NBA Cup
Fri Nov 28 2025,7:30p,MIL,,NYK,,,,,,Madison Square Garden (IV),NBA Cup
Fri Nov 28 2025,9:30p,SAS,,DEN,,,,,,Ball Arena,NBA Cup
Fri Nov 28 2025,9:30p,PHX,,OKC,,,,,,Paycom Center,NBA Cup
Fri Nov 28 2025,9:30p,SAC,,UTA,,,,,,Delta Center,NBA Cup
Fri Nov 28 2025,10:00p,MEM,,LAC,,,,,,Intuit Dome,NBA Cup
Fri Nov 28 2025,10:00p,DAL,,LAL,,,,,,Crypto.com Arena,NBA Cup
Sat Nov 29 2025,5:00p,BOS,,MIN,,,,,,Target Center,
Sat Nov 29 2025,6:00p,TOR,,CHA,,,,,,Spectrum Center,
Sat Nov 29 2025,7:30p,CHI,,IND,,,,,,Gainbridge Fieldhouse,
Sat Nov 29 2025,8:00p,DET,,MIA,,,,,,Kaseya Center,
Sat Nov 29 2025,8:00p,BKN,,MIL,,,,,,Fiserv Forum,
Sat Nov 29 2025,8:30p,NOP,,GSW,,,,,,Chase Center,
Sat Nov 29 2025,9:00p,DEN,,PHX,,,,,,Mortgage Matchup Center,
Sat Nov 29 2025,10:00p,DAL,,LAC,,,,,,Intuit Dome,
Sun Nov 30 2025,3:00p,HOU,,UTA,,,,,,Delta Center,
Sun Nov 30 2025,6:00p,BOS,,CLE,,,,,,Rocket Arena,
Sun Nov 30 2025,6:00p,TOR,,NYK,,,,,,Madison Square Garden (IV),
Sun Nov 30 2025,6:00p,ATL,,PHI,,,,,,Xfinity Mobile Arena,
Sun Nov 30 2025,6:00p,OKC,,POR,,,,,,Moda Center,
Sun Nov 30 2025,7:00p,SAS,,MIN,,,,,,Target Center,
Sun Nov 30 2025,9:00p,MEM,,SAC,,,,,,Golden 1 Center,
Sun Nov 30 2025,9:30p,NOP,,LAL,,,,,,Crypto.com Arena,
Mon Dec 1 2025,7:00p,ATL,,DET,,,,,,Little Caesars Arena,
Mon Dec 1 2025,7:00p,CLE,,IND,,,,,,Gainbridge Fieldhouse,
Mon Dec 1 2025,7:00p,MIL,,WAS,,,,,,Capital One Arena,
Mon Dec 1 2025,7:30p,CHA,,BKN,,,,,,Barclays Center,
Mon Dec 1 2025,7:30p,LAC,,MIA,,,,,,Kaseya Center,
Mon Dec 1 2025,7:30p,CHI,,ORL,,,,,,Kia Center,
Mon Dec 1 2025,9:00p,DAL,,DEN,,,,,,Ball Arena,
Mon Dec 1 2025,9:00p,HOU,,UTA,,,,,,Delta Center,
Mon Dec 1 2025,10:00p,PHX,,LAL,,,,,,Crypto.com Arena,
Tue Dec 2 2025,7:00p,WAS,,PHI,,,,,,Xfinity Mobile Arena,
Tue Dec 2 2025,7:30p,POR,,TOR,,,,,,Scotiabank Arena,
Tue Dec 2 2025,8:00p,NYK,,BOS,,,,,,TD Garden,
Tue Dec 2 2025,8:00p,MIN,,NOP,,,,,,Smoothie King Center,
Tue Dec 2 2025,8:00p,MEM,,SAS,,,,,,Frost Bank Center,
Tue Dec 2 2025,11:00p,OKC,,GSW,,,,,,Chase Center,
Wed Dec 3 2025,7:00p,POR,,CLE,,,,,,Rocket Arena,
Wed Dec 3 2025,7:00p,DEN,,IND,,,,,,Gainbridge Fieldhouse,
Wed Dec 3 2025,7:00p,SAS,,ORL,,,,,,Kia Center,
Wed Dec 3 2025,7:30p,LAC,,ATL,,,,,,State Farm Arena,
Wed Dec 3 2025,7:30p,CHA,,NYK,,,,,,Madison Square Garden (IV),
Wed Dec 3 2025,8:00p,BKN,,CHI,,,,,,United Center,
Wed Dec 3 2025,8:00p,SAC,,HOU,,,,,,Toyota Center,
Wed Dec 3 2025,8:00p,DET,,MIL,,,,,,Fiserv Forum,
Wed Dec 3 2025,8:30p,MIA,,DAL,,,,,,American Airlines Center,
Thu Dec 4 2025,7:00p,GSW,,PHI,,,,,,Xfinity Mobile Arena,
Thu Dec 4 2025,7:00p,BOS,,WAS,,,,,,Capital One Arena,
Thu Dec 4 2025,7:30p,UTA,,BKN,,,,,,Barclays Center,
Thu Dec 4 2025,7:30p,LAL,,TOR,,,,,,Scotiabank Arena,
Thu Dec 4 2025,8:00p,MIN,,NOP,,,,,,Smoothie King Center,
Fri Dec 5 2025,7:00p,LAL,,BOS,,,,,,TD Garden,
Fri Dec 5 2025,7:00p,MIA,,ORL,,,,,,Kia Center,
Fri Dec 5 2025,7:30p,DEN,,ATL,,,,,,State Farm Arena,
Fri Dec 5 2025,7:30p,SAS,,CLE,,,,,,Rocket Arena,
Fri Dec 5 2025,7:30p,POR,,DET,,,,,,Little Caesars Arena,
Fri Dec 5 2025,7:30p,UTA,,NYK,,,,,,Madison Square Garden (IV),
Fri Dec 5 2025,7:30p,CHA,,TOR,,,,,,Scotiabank Arena,
Fri Dec 5 2025,8:00p,IND,,CHI,,,,,,United Center,
Fri Dec 5 2025,8:00p,PHX,,HOU,,,,,,Toyota Center,
Fri Dec 5 2025,8:00p,LAC,,MEM,,,,,,FedExForum,
Fri Dec 5 2025,8:00p,PHI,,MIL,,,,,,Fiserv Forum,
Fri Dec 5 2025,9:30p,DAL,,OKC,,,,,,Paycom Center,
Sat Dec 6 2025,5:00p,NOP,,BKN,,,,,,Barclays Center,
Sat Dec 6 2025,7:00p,ATL,,WAS,,,,,,Capital One Arena,
Sat Dec 6 2025,7:30p,GSW,,CLE,,,,,,Rocket Arena,
Sat Dec 6 2025,7:30p,MIL,,DET,,,,,,Little Caesars Arena,
Sat Dec 6 2025,8:00p,SAC,,MIA,,,,,,Kaseya Center,
Sat Dec 6 2025,8:00p,LAC,,MIN,,,,,,Target Center,
Sat Dec 6 2025,8:30p,HOU,,DAL,,,,,,American Airlines Center,
Sun Dec 7 2025,12:00p,ORL,,NYK,,,,,,Madison Square Garden (IV),
Sun Dec 7 2025,3:30p,BOS,,TOR,,,,,,Scotiabank Arena,
Sun Dec 7 2025,6:00p,DEN,,CHA,,,,,,Spectrum Center,
Sun Dec 7 2025,6:00p,POR,,MEM,,,,,,FedExForum,
Sun Dec 7 2025,7:00p,GSW,,CHI,,,,,,United Center,
Sun Dec 7 2025,7:30p,LAL,,PHI,,,,,,Xfinity Mobile Arena,
Sun Dec 7 2025,8:00p,OKC,,UTA,,,,,,Delta Center,
Mon Dec 8 2025,7:00p,SAC,,IND,,,,,,Gainbridge Fieldhouse,
Mon Dec 8 2025,8:00p,PHX,,MIN,,,,,,Target Center,
Mon Dec 8 2025,9:30p,SAS,,NOP,,,,,,Smoothie King Center,
Wed Dec 17 2025,8:00p,CLE,,CHI,,,,,,United Center,
Wed Dec 17 2025,8:00p,MEM,,MIN,,,,,,Target Center,
Wed Dec 17 2025,8:00p,LAC,,OKC,,,,,,Paycom Center,
Wed Dec 17 2025,8:00p,WAS,,SAS,,,,,,Frost Bank Center,
Thu Dec 18 2025,7:00p,ATL,,CHA,,,,,,Spectrum Center,
Thu Dec 18 2025,7:00p,NYK,,IND,,,,,,Gainbridge Fieldhouse,
Thu Dec 18 2025,7:30p,MIA,,BKN,,,,,,Barclays Center,
Thu Dec 18 2025,8:00p,TOR,,MIL,,,,,,Fiserv Forum,
Thu Dec 18 2025,8:00p,HOU,,NOP,,,,,,Smoothie King Center,
Thu Dec 18 2025,8:30p,DET,,DAL,,,,,,American Airlines Center,
Thu Dec 18 2025,9:00p,ORL,,DEN,,,,,,Ball Arena,
Thu Dec 18 2025,9:00p,GSW,,PHX,,,,,,Mortgage Matchup Center,
Thu Dec 18 2025,9:00p,LAL,,UTA,,,,,,Delta Center,
Thu Dec 18 2025,10:00p,SAC,,POR,,,,,,Moda Center,
Fri Dec 19 2025,7:00p,MIA,,BOS,,,,,,TD Garden,
Fri Dec 19 2025,7:00p,PHI,,NYK,,,,,,Madison Square Garden (IV),
Fri Dec 19 2025,7:30p,SAS,,ATL,,,,,,State Farm Arena,
Fri Dec 19 2025,7:30p,CHI,,CLE,,,,,,Rocket Arena,
Fri Dec 19 2025,9:30p,OKC,,MIN,,,,,,Target Center,
Sat Dec 20 2025,5:00p,HOU,,DEN,,,,,,Ball Arena,
Sat Dec 20 2025,7:00p,IND,,NOP,,,,,,Smoothie King Center,
Sat Dec 20 2025,7:00p,DAL,,PHI,,,,,,Xfinity Mobile Arena,
Sat Dec 20 2025,7:00p,BOS,,TOR,,,,,,Scotiabank Arena,
Sat Dec 20 2025,7:30p,CHA,,DET,,,,,,Little Caesars Arena,
Sat Dec 20 2025,8:00p,WAS,,MEM,,,,,,FedExForum,
Sat Dec 20 2025,8:30p,PHX,,GSW,,,,,,Chase Center,
Sat Dec 20 2025,9:30p,ORL,,UTA,,,,,,Delta Center,
Sat Dec 20 2025,10:00p,POR,,SAC,,,,,,Golden 1 Center,
Sat Dec 20 2025,10:30p,LAL,,LAC,,,,,,Intuit Dome,
Sun Dec 21 2025,3:30p,CHI,,ATL,,,,,,State Farm Arena,
Sun Dec 21 2025,6:00p,TOR,,BKN,,,,,,Barclays Center,
Sun Dec 21 2025,6:00p,MIA,,NYK,,,,,,Madison Square Garden (IV),
Sun Dec 21 2025,7:00p,MIL,,MIN,,,,,,Target Center,
Sun Dec 21 2025,7:00p,SAS,,WAS,,,,,,Capital One Arena,
Sun Dec 21 2025,10:00p,HOU,,SAC,,,,,,Golden 1 Center,
Mon Dec 22 2025,7:00p,CHA,,CLE,,,,,,Rocket Arena,
Mon Dec 22 2025,7:30p,IND,,BOS,,,,,,TD Garden,
Mon Dec 22 2025,8:00p,DAL,,NOP,,,,,,Smoothie King Center,
Mon Dec 22 2025,9:00p,UTA,,DEN,,,,,,Ball Arena,
Mon Dec 22 2025,9:30p,MEM,,OKC,,,,,,Paycom Center,
Mon Dec 22 2025,10:00p,ORL,,GSW,,,,,,Chase Center,
Mon Dec 22 2025,10:00p,DET,,POR,,,,,,Moda Center,
Tue Dec 23 2025,7:00p,WAS,,CHA,,,,,,Spectrum Center,
Tue Dec 23 2025,7:00p,BKN,,PHI,,,,,,Xfinity Mobile Arena,
Tue Dec 23 2025,7:30p,CHI,,ATL,,,,,,State Farm Arena,
Tue Dec 23 2025,7:30p,NOP,,CLE,,,,,,Rocket Arena,
Tue Dec 23 2025,7:30p,MIL,,IND,,,,,,Gainbridge Fieldhouse,
Tue Dec 23 2025,7:30p,TOR,,MIA,,,,,,Kaseya Center,
Tue Dec 23 2025,8:00p,DEN,,DAL,,,,,,American Airlines Center,
Tue Dec 23 2025,8:00p,NYK,,MIN,,,,,,Target Center,
Tue Dec 23 2025,8:30p,OKC,,SAS,,,,,,Frost Bank Center,
Tue Dec 23 2025,9:00p,LAL,,PHX,,,,,,Mortgage Matchup Center,
Tue Dec 23 2025,9:00p,MEM,,UTA,,,,,,Delta Center,
Tue Dec 23 2025,10:00p,ORL,,POR,,,,,,Moda Center,
Tue Dec 23 2025,10:00p,DET,,SAC,,,,,,Golden 1 Center,
Tue Dec 23 2025,11:00p,HOU,,LAC,,,,,,Intuit Dome,
Thu Dec 25 2025,12:00p,CLE,,NYK,,,,,,Madison Square Garden (IV),
Thu Dec 25 2025,2:30p,SAS,,OKC,,,,,,Paycom Center,
Thu Dec 25 2025,5:00p,DAL,,GSW,,,,,,Chase Center,
Thu Dec 25 2025,8:00p,HOU,,LAL,,,,,,Crypto.com Arena,
Thu Dec 25 2025,10:30p,MIN,,DEN,,,,,,Ball Arena,
Fri Dec 26 2025,7:00p,MIA,,ATL,,,,,,State Farm Arena,
Fri Dec 26 2025,7:00p,CHA,,ORL,,,,,,Kia Center,
Fri Dec 26 2025,7:00p,TOR,,WAS,,,,,,Capital One Arena,
Fri Dec 26 2025,7:30p,BOS,,IND,,,,,,Gainbridge Fieldhouse,
Fri Dec 26 2025,8:00p,PHI,,CHI,,,,,,United Center,
Fri Dec 26 2025,8:00p,MIL,,MEM,,,,,,FedExForum,
Fri Dec 26 2025,8:00p,PHX,,NOP,,,,,,Smoothie King Center,
Fri Dec 26 2025,9:30p,DET,,UTA,,,,,,Delta Center,
Fri Dec 26 2025,10:00p,LAC,,POR,,,,,,Moda Center,
Sat Dec 27 2025,5:00p,DAL,,SAC,,,,,,Golden 1 Center,
Sat Dec 27 2025,7:00p,PHX,,NOP,,,,,,Smoothie King Center,
Sat Dec 27 2025,7:00p,DEN,,ORL,,,,,,Kia Center,
Sat Dec 27 2025,8:00p,NYK,,ATL,,,,,,State Farm Arena,
Sat Dec 27 2025,8:00p,MIL,,CHI,,,,,,United Center,
Sat Dec 27 2025,8:00p,CLE,,HOU,,,,,,Toyota Center,
Sat Dec 27 2025,8:00p,IND,,MIA,,,,,,Kaseya Center,
Sat Dec 27 2025,8:00p,BKN,,MIN,,,,,,Target Center,
Sat Dec 27 2025,8:00p,UTA,,SAS,,,,,,Frost Bank Center,
Sun Dec 28 2025,3:30p,PHI,,OKC,,,,,,Paycom Center,
Sun Dec 28 2025,3:30p,GSW,,TOR,,,,,,Scotiabank Arena,
Sun Dec 28 2025,6:00p,BOS,,POR,,,,,,Moda Center,
Sun Dec 28 2025,6:00p,MEM,,WAS,,,,,,Capital One Arena,
Sun Dec 28 2025,9:00p,DET,,LAC,,,,,,Intuit Dome,
Sun Dec 28 2025,9:30p,SAC,,LAL,,,,,,Crypto.com Arena,
Mon Dec 29 2025,7:00p,MIL,,CHA,,,,,,Spectrum Center,
Mon Dec 29 2025,7:00p,PHX,,WAS,,,,,,Capital One Arena,
Mon Dec 29 2025,7:30p,GSW,,BKN,,,,,,Barclays Center,
Mon Dec 29 2025,7:30p,DEN,,MIA,,,,,,Kaseya Center,
Mon Dec 29 2025,7:30p,ORL,,TOR,,,,,,Scotiabank Arena,
Mon Dec 29 2025,8:00p,MIN,,CHI,,,,,,United Center,
Mon Dec 29 2025,8:00p,IND,,HOU,,,,,,Toyota Center,
Mon Dec 29 2025,8:00p,NYK,,NOP,,,,,,Smoothie King Center,
Mon Dec 29 2025,8:00p,ATL,,OKC,,,,,,Paycom Center,
Mon Dec 29 2025,8:00p,CLE,,SAS,,,,,,Frost Bank Center,
Mon Dec 29 2025,11:00p,DAL,,POR,,,,,,Moda Center,
Tue Dec 30 2025,8:00p,PHI,,MEM,,,,,,FedExForum,
Tue Dec 30 2025,9:00p,BOS,,UTA,,,,,,Delta Center,
Tue Dec 30 2025,10:30p,DET,,LAL,,,,,,Crypto.com Arena,
Tue Dec 30 2025,11:00p,SAC,,LAC,,,,,,Intuit Dome,
Wed Dec 31 2025,1:00p,GSW,,CHA,,,,,,Spectrum Center,
Wed Dec 31 2025,3:00p,MIN,,ATL,,,,,,State Farm Arena,
Wed Dec 31 2025,3:00p,ORL,,IND,,,,,,Gainbridge Fieldhouse,
Wed Dec 31 2025,3:30p,PHX,,CLE,,,,,,Rocket Arena,
Wed Dec 31 2025,7:00p,NOP,,CHI,,,,,,United Center,
Wed Dec 31 2025,7:00p,NYK,,SAS,,,,,,Frost Bank Center,
Wed Dec 31 2025,7:30p,DEN,,TOR,,,,,,Scotiabank Arena,
Wed Dec 31 2025,8:00p,WAS,,MIL,,,,,,Fiserv Forum,
Wed Dec 31 2025,8:00p,POR,,OKC,,,,,,Paycom Center,
Thu Jan 1 2026,6:00p,HOU,,BKN,,,,,,Barclays Center,
Thu Jan 1 2026,7:00p,MIA,,DET,,,,,,Little Caesars Arena,
Thu Jan 1 2026,8:30p,PHI,,DAL,,,,,,American Airlines Center,
Thu Jan 1 2026,10:00p,BOS,,SAC,,,,,,Golden 1 Center,
Thu Jan 1 2026,10:30p,UTA,,LAC,,,,,,Intuit Dome,
Fri Jan 2 2026,7:00p,SAS,,IND,,,,,,Gainbridge Fieldhouse,
Fri Jan 2 2026,7:00p,BKN,,WAS,,,,,,Capital One Arena,
Fri Jan 2 2026,7:30p,DEN,,CLE,,,,,,Rocket Arena,
Fri Jan 2 2026,7:30p,ATL,,NYK,,,,,,Madison Square Garden (IV),
Fri Jan 2 2026,8:00p,ORL,,CHI,,,,,,United Center,
Fri Jan 2 2026,8:00p,CHA,,MIL,,,,,,Fiserv Forum,
Fri Jan 2 2026,8:00p,POR,,NOP,,,,,,Smoothie King Center,
Fri Jan 2 2026,9:00p,SAC,,PHX,,,,,,Mortgage Matchup Center,
Fri Jan 2 2026,10:00p,OKC,,GSW,,,,,,Chase Center,
Fri Jan 2 2026,10:30p,MEM,,LAL,,,,,,Crypto.com Arena,
Sat Jan 3 2026,5:00p,MIN,,MIA,,,,,,Kaseya Center,
Sat Jan 3 2026,7:30p,PHI,,NYK,,,,,,Madison Square Garden (IV),
Sat Jan 3 2026,7:30p,ATL,,TOR,,,,,,Scotiabank Arena,
Sat Jan 3 2026,8:00p,CHA,,CHI,,,,,,United Center,
Sat Jan 3 2026,8:00p,POR,,SAS,,,,,,Frost Bank Center,
Sat Jan 3 2026,8:30p,HOU,,DAL,,,,,,American Airlines Center,
Sat Jan 3 2026,10:00p,UTA,,GSW,,,,,,Chase Center,
Sat Jan 3 2026,10:30p,BOS,,LAC,,,,,,Intuit Dome,
Sun Jan 4 2026,2:00p,DET,,CLE,,,,,,Rocket Arena,
Sun Jan 4 2026,3:00p,IND,,ORL,,,,,,Kia Center,
Sun Jan 4 2026,3:30p,DEN,,BKN,,,,,,Barclays Center,
Sun Jan 4 2026,6:00p,NOP,,MIA,,,,,,Kaseya Center,
Sun Jan 4 2026,6:00p,MIN,,WAS,,,,,,Capital One Arena,
Sun Jan 4 2026,8:00p,OKC,,PHX,,,,,,Mortgage Matchup Center,
Sun Jan 4 2026,9:00p,MIL,,SAC,,,,,,Golden 1 Center,
Sun Jan 4 2026,9:30p,MEM,,LAL,,,,,,Crypto.com Arena,
Mon Jan 5 2026,7:00p,NYK,,DET,,,,,,Little Caesars Arena,
Mon Jan 5 2026,7:30p,CHI,,BOS,,,,,,TD Garden,
Mon Jan 5 2026,7:30p,ATL,,TOR,,,,,,Scotiabank Arena,
Mon Jan 5 2026,8:00p,PHX,,HOU,,,,,,Toyota Center,
Mon Jan 5 2026,8:00p,CHA,,OKC,,,,,,Paycom Center,
Mon Jan 5 2026,8:30p,DEN,,PHI,,,,,,Xfinity Mobile Arena,
Mon Jan 5 2026,10:00p,GSW,,LAC,,,,,,Intuit Dome,
Mon Jan 5 2026,10:00p,UTA,,POR,,,,,,Moda Center,
Tue Jan 6 2026,7:00p,CLE,,IND,,,,,,Gainbridge Fieldhouse,
Tue Jan 6 2026,7:00p,ORL,,WAS,,,,,,Capital One Arena,
Tue Jan 6 2026,8:00p,SAS,,MEM,,,,,,FedExForum,
Tue Jan 6 2026,8:00p,MIA,,MIN,,,,,,Target Center,
Tue Jan 6 2026,8:00p,LAL,,NOP,,,,,,Smoothie King Center,
Tue Jan 6 2026,11:00p,DAL,,SAC,,,,,,Golden 1 Center,
Wed Jan 7 2026,7:00p,TOR,,CHA,,,,,,Spectrum Center,
Wed Jan 7 2026,7:00p,CHI,,DET,,,,,,Little Caesars Arena,
Wed Jan 7 2026,7:00p,WAS,,PHI,,,,,,Xfinity Mobile Arena,
Wed Jan 7 2026,7:30p,NOP,,ATL,,,,,,State Farm Arena,
Wed Jan 7 2026,7:30p,DEN,,BOS,,,,,,TD Garden,
Wed Jan 7 2026,7:30p,ORL,,BKN,,,,,,Barclays Center,
Wed Jan 7 2026,7:30p,LAC,,NYK,,,,,,Madison Square Garden (IV),
Wed Jan 7 2026,7:30p,LAL,,SAS,,,,,,Frost Bank Center,
Wed Jan 7 2026,8:00p,PHX,,MEM,,,,,,FedExForum,
Wed Jan 7 2026,8:00p,UTA,,OKC,,,,,,Paycom Center,
Wed Jan 7 2026,10:00p,MIL,,GSW,,,,,,Chase Center,
Wed Jan 7 2026,10:00p,HOU,,POR,,,,,,Moda Center,
Thu Jan 8 2026,7:00p,IND,,CHA,,,,,,Spectrum Center,
Thu Jan 8 2026,8:00p,MIA,,CHI,,,,,,United Center,
Thu Jan 8 2026,8:00p,CLE,,MIN,,,,,,Target Center,
Thu Jan 8 2026,9:00p,DAL,,UTA,,,,,,Delta Center,
Fri Jan 9 2026,7:00p,TOR,,BOS,,,,,,TD Garden,
Fri Jan 9 2026,7:00p,PHI,,ORL,,,,,,Kia Center,
Fri Jan 9 2026,7:00p,NOP,,WAS,,,,,,Capital One Arena,
Fri Jan 9 2026,7:30p,LAC,,BKN,,,,,,Barclays Center,
Fri Jan 9 2026,8:00p,OKC,,MEM,,,,,,FedExForum,
Fri Jan 9 2026,9:00p,ATL,,DEN,,,,,,Ball Arena,
Fri Jan 9 2026,9:00p,NYK,,PHX,,,,,,Mortgage Matchup Center,
Fri Jan 9 2026,10:00p,SAC,,GSW,,,,,,Chase Center,
Fri Jan 9 2026,10:00p,HOU,,POR,,,,,,Moda Center,
Fri Jan 9 2026,10:30p,MIL,,LAL,,,,,,Crypto.com Arena,
Sat Jan 10 2026,1:00p,MIN,,CLE,,,,,,Rocket Arena,
Sat Jan 10 2026,7:00p,MIA,,IND,,,,,,Gainbridge Fieldhouse,
Sat Jan 10 2026,7:30p,LAC,,DET,,,,,,Little Caesars Arena,
Sat Jan 10 2026,8:00p,SAS,,BOS,,,,,,TD Garden,
Sat Jan 10 2026,8:00p,DAL,,CHI,,,,,,United Center,
Sat Jan 10 2026,9:30p,CHA,,UTA,,,,,,Delta Center,
Sun Jan 11 2026,3:00p,NOP,,ORL,,,,,,Kia Center,
Sun Jan 11 2026,3:30p,BKN,,MEM,,,,,,FedExForum,
Sun Jan 11 2026,6:00p,NYK,,POR,,,,,,Moda Center,
Sun Jan 11 2026,6:00p,PHI,,TOR,,,,,,Scotiabank Arena,
Sun Jan 11 2026,7:00p,SAS,,MIN,,,,,,Target Center,
Sun Jan 11 2026,7:00p,MIA,,OKC,,,,,,Paycom Center,
Sun Jan 11 2026,8:00p,MIL,,DEN,,,,,,Ball Arena,
Sun Jan 11 2026,8:00p,WAS,,PHX,,,,,,Mortgage Matchup Center,
Sun Jan 11 2026,8:30p,ATL,,GSW,,,,,,Chase Center,
Sun Jan 11 2026,9:00p,HOU,,SAC,,,,,,Golden 1 Center,
Mon Jan 12 2026,7:00p,UTA,,CLE,,,,,,Rocket Arena,
Mon Jan 12 2026,7:30p,BOS,,IND,,,,,,Gainbridge Fieldhouse,
Mon Jan 12 2026,7:30p,PHI,,TOR,,,,,,Scotiabank Arena,
Mon Jan 12 2026,8:30p,BKN,,DAL,,,,,,American Airlines Center,
Mon Jan 12 2026,10:00p,LAL,,SAC,,,,,,Golden 1 Center,
Mon Jan 12 2026,10:30p,CHA,,LAC,,,,,,Intuit Dome,
Tue Jan 13 2026,7:30p,PHX,,MIA,,,,,,Kaseya Center,
Tue Jan 13 2026,8:00p,CHI,,HOU,,,,,,Toyota Center,
Tue Jan 13 2026,8:00p,MIN,,MIL,,,,,,Fiserv Forum,
Tue Jan 13 2026,8:00p,DEN,,NOP,,,,,,Smoothie King Center,
Tue Jan 13 2026,8:00p,SAS,,OKC,,,,,,Paycom Center,
Tue Jan 13 2026,10:30p,ATL,,LAL,,,,,,Crypto.com Arena,
Tue Jan 13 2026,11:00p,POR,,GSW,,,,,,Chase Center,
Wed Jan 14 2026,7:00p,TOR,,IND,,,,,,Gainbridge Fieldhouse,
Wed Jan 14 2026,7:00p,CLE,,PHI,,,,,,Xfinity Mobile Arena,
Wed Jan 14 2026,8:00p,UTA,,CHI,,,,,,United Center,
Wed Jan 14 2026,8:00p,BKN,,NOP,,,,,,Smoothie King Center,
Wed Jan 14 2026,9:30p,DEN,,DAL,,,,,,American Airlines Center,
Wed Jan 14 2026,10:00p,NYK,,SAC,,,,,,Golden 1 Center,
Wed Jan 14 2026,10:30p,WAS,,LAC,,,,,,Intuit Dome,
Thu Jan 15 2026,2:00p,MEM,,ORL,,,,,,Uber Arena,
Thu Jan 15 2026,7:00p,PHX,,DET,,,,,,Little Caesars Arena,
Thu Jan 15 2026,7:30p,OKC,,HOU,,,,,,Toyota Center,
Thu Jan 15 2026,7:30p,BOS,,MIA,,,,,,Kaseya Center,
Thu Jan 15 2026,8:00p,MIL,,SAS,,,,,,Frost Bank Center,
Thu Jan 15 2026,8:30p,UTA,,DAL,,,,,,American Airlines Center,
Thu Jan 15 2026,10:00p,NYK,,GSW,,,,,,Chase Center,
Thu Jan 15 2026,10:00p,ATL,,POR,,,,,,Moda Center,
Thu Jan 15 2026,10:30p,CHA,,LAL,,,,,,Crypto.com Arena,
Fri Jan 16 2026,7:00p,CHI,,BKN,,,,,,Barclays Center,
Fri Jan 16 2026,7:00p,NOP,,IND,,,,,,Gainbridge Fieldhouse,
Fri Jan 16 2026,7:00p,CLE,,PHI,,,,,,Xfinity Mobile Arena,
Fri Jan 16 2026,7:30p,LAC,,TOR,,,,,,Scotiabank Arena,
Fri Jan 16 2026,9:30p,MIN,,HOU,,,,,,Toyota Center,
Fri Jan 16 2026,10:00p,WAS,,SAC,,,,,,Golden 1 Center,
Sat Jan 17 2026,5:00p,UTA,,DAL,,,,,,American Airlines Center,
Sat Jan 17 2026,7:30p,BOS,,ATL,,,,,,State Farm Arena,
Sat Jan 17 2026,7:30p,IND,,DET,,,,,,Little Caesars Arena,
Sat Jan 17 2026,7:30p,PHX,,NYK,,,,,,Madison Square Garden (IV),
Sat Jan 17 2026,8:00p,OKC,,MIA,,,,,,Kaseya Center,
Sat Jan 17 2026,8:00p,MIN,,SAS,,,,,,Frost Bank Center,
Sat Jan 17 2026,8:30p,CHA,,GSW,,,,,,Chase Center,
Sat Jan 17 2026,9:00p,WAS,,DEN,,,,,,Ball Arena,
Sat Jan 17 2026,10:00p,LAL,,POR,,,,,,Moda Center,
Sun Jan 18 2026,12:00p,ORL,,MEM,,,,,,The O2 Arena,
Sun Jan 18 2026,7:00p,BKN,,CHI,,,,,,United Center,
Sun Jan 18 2026,7:00p,NOP,,HOU,,,,,,Toyota Center,
Sun Jan 18 2026,8:00p,CHA,,DEN,,,,,,Ball Arena,
Sun Jan 18 2026,9:00p,POR,,SAC,,,,,,Golden 1 Center,
Sun Jan 18 2026,9:30p,TOR,,LAL,,,,,,Crypto.com Arena,
Mon Jan 19 2026,1:00p,MIL,,ATL,,,,,,State Farm Arena,
Mon Jan 19 2026,2:30p,OKC,,CLE,,,,,,Rocket Arena,
Mon Jan 19 2026,3:00p,LAC,,WAS,,,,,,Capital One Arena,
Mon Jan 19 2026,5:00p,DAL,,NYK,,,,,,Madison Square Garden (IV),
Mon Jan 19 2026,7:00p,IND,,PHI,,,,,,Xfinity Mobile Arena,
Mon Jan 19 2026,7:30p,PHX,,BKN,,,,,,Barclays Center,
Mon Jan 19 2026,8:00p,BOS,,DET,,,,,,Little Caesars Arena,
Mon Jan 19 2026,8:00p,UTA,,SAS,,,,,,Frost Bank Center,
Mon Jan 19 2026,10:00p,MIA,,GSW,,,,,,Chase Center,
Tue Jan 20 2026,7:00p,PHX,,PHI,,,,,,Xfinity Mobile Arena,
Tue Jan 20 2026,8:00p,LAC,,CHI,,,,,,United Center,
Tue Jan 20 2026,8:00p,SAS,,HOU,,,,,,Toyota Center,
Tue Jan 20 2026,9:00p,MIN,,UTA,,,,,,Delta Center,
Tue Jan 20 2026,10:00p,LAL,,DEN,,,,,,Ball Arena,
Tue Jan 20 2026,10:00p,TOR,,GSW,,,,,,Chase Center,
Tue Jan 20 2026,10:00p,MIA,,SAC,,,,,,Golden 1 Center,
Wed Jan 21 2026,7:00p,CLE,,CHA,,,,,,Spectrum Center,
Wed Jan 21 2026,7:30p,IND,,BOS,,,,,,TD Garden,
Wed Jan 21 2026,7:30p,BKN,,NYK,,,,,,Madison Square Garden (IV),
Wed Jan 21 2026,8:00p,ATL,,MEM,,,,,,FedExForum,
Wed Jan 21 2026,8:00p,DET,,NOP,,,,,,Smoothie King Center,
Wed Jan 21 2026,9:30p,OKC,,MIL,,,,,,Fiserv Forum,
Wed Jan 21 2026,10:00p,TOR,,SAC,,,,,,Golden 1 Center,
Thu Jan 22 2026,7:00p,CHA,,ORL,,,,,,Kia Center,
Thu Jan 22 2026,7:00p,HOU,,PHI,,,,,,Xfinity Mobile Arena,
Thu Jan 22 2026,7:00p,DEN,,WAS,,,,,,Capital One Arena,
Thu Jan 22 2026,7:30p,GSW,,DAL,,,,,,American Airlines Center,
Thu Jan 22 2026,8:00p,CHI,,MIN,,,,,,Target Center,
Thu Jan 22 2026,9:00p,SAS,,UTA,,,,,,Delta Center,
Thu Jan 22 2026,10:00p,LAL,,LAC,,,,,,Intuit Dome,
Thu Jan 22 2026,10:00p,MIA,,POR,,,,,,Moda Center,
Fri Jan 23 2026,7:00p,HOU,,DET,,,,,,Little Caesars Arena,
Fri Jan 23 2026,7:30p,PHX,,ATL,,,,,,State Farm Arena,
Fri Jan 23 2026,7:30p,BOS,,BKN,,,,,,Barclays Center,
Fri Jan 23 2026,7:30p,SAC,,CLE,,,,,,Rocket Arena,
Fri Jan 23 2026,8:00p,NOP,,MEM,,,,,,FedExForum,
Fri Jan 23 2026,8:00p,DEN,,MIL,,,,,,Fiserv Forum,
Fri Jan 23 2026,9:30p,IND,,OKC,,,,,,Paycom Center,
Fri Jan 23 2026,10:00p,TOR,,POR,,,,,,Moda Center,
Sat Jan 24 2026,3:00p,NYK,,PHI,,,,,,Xfinity Mobile Arena,
Sat Jan 24 2026,5:30p,GSW,,MIN,,,,,,Target Center,
Sat Jan 24 2026,6:00p,WAS,,CHA,,,,,,Spectrum Center,
Sat Jan 24 2026,7:00p,CLE,,ORL,,,,,,Kia Center,
Sat Jan 24 2026,8:00p,BOS,,CHI,,,,,,United Center,
Sat Jan 24 2026,8:30p,LAL,,DAL,,,,,,American Airlines Center,
Sat Jan 24 2026,9:30p,MIA,,UTA,,,,,,Delta Center,
Sun Jan 25 2026,3:00p,SAC,,DET,,,,,,Little Caesars Arena,
Sun Jan 25 2026,3:30p,DEN,,MEM,,,,,,FedExForum,
Sun Jan 25 2026,7:00p,DAL,,MIL,,,,,,Fiserv Forum,
Sun Jan 25 2026,7:00p,TOR,,OKC,,,,,,Paycom Center,
Sun Jan 25 2026,7:00p,NOP,,SAS,,,,,,Frost Bank Center,
Sun Jan 25 2026,8:00p,MIA,,PHX,,,,,,Mortgage Matchup Center,
Sun Jan 25 2026,9:00p,BKN,,LAC,,,,,,Intuit Dome,
Mon Jan 26 2026,7:00p,PHI,,CHA,,,,,,Spectrum Center,
Mon Jan 26 2026,7:00p,ORL,,CLE,,,,,,Rocket Arena,
Mon Jan 26 2026,7:30p,IND,,ATL,,,,,,State Farm Arena,
Mon Jan 26 2026,8:00p,POR,,BOS,,,,,,TD Garden,
Mon Jan 26 2026,8:00p,LAL,,CHI,,,,,,United Center,
Mon Jan 26 2026,8:00p,MEM,,HOU,,,,,,Toyota Center,
Mon Jan 26 2026,9:30p,GSW,,MIN,,,,,,Target Center,
Tue Jan 27 2026,7:00p,POR,,WAS,,,,,,Capital One Arena,
Tue Jan 27 2026,7:30p,SAC,,NYK,,,,,,Madison Square Garden (IV),
Tue Jan 27 2026,8:00p,NOP,,OKC,,,,,,Paycom Center,
Tue Jan 27 2026,8:00p,MIL,,PHI,,,,,,Xfinity Mobile Arena,
Tue Jan 27 2026,9:00p,DET,,DEN,,,,,,Ball Arena,
Tue Jan 27 2026,9:00p,BKN,,PHX,,,,,,Mortgage Matchup Center,
Tue Jan 27 2026,10:00p,LAC,,UTA,,,,,,Delta Center,
Wed Jan 28 2026,7:00p,LAL,,CLE,,,,,,Rocket Arena,
Wed Jan 28 2026,7:00p,CHI,,IND,,,,,,Gainbridge Fieldhouse,
Wed Jan 28 2026,7:30p,ATL,,BOS,,,,,,TD Garden,
Wed Jan 28 2026,7:30p,ORL,,MIA,,,,,,Kaseya Center,
Wed Jan 28 2026,7:30p,NYK,,TOR,,,,,,Scotiabank Arena,
Wed Jan 28 2026,8:00p,CHA,,MEM,,,,,,FedExForum,
Wed Jan 28 2026,8:30p,MIN,,DAL,,,,,,American Airlines Center,
Wed Jan 28 2026,9:00p,GSW,,UTA,,,,,,Delta Center,
Wed Jan 28 2026,9:30p,SAS,,HOU,,,,,,Toyota Center,
Thu Jan 29 2026,7:00p,SAC,,PHI,,,,,,Xfinity Mobile Arena,
Thu Jan 29 2026,7:00p,MIL,,WAS,,,,,,Capital One Arena,
Thu Jan 29 2026,8:00p,HOU,,ATL,,,,,,State Farm Arena,
Thu Jan 29 2026,8:30p,CHA,,DAL,,,,,,American Airlines Center,
Thu Jan 29 2026,9:00p,BKN,,DEN,,,,,,Ball Arena,
Thu Jan 29 2026,9:00p,DET,,PHX,,,,,,Mortgage Matchup Center,
Thu Jan 29 2026,9:30p,OKC,,MIN,,,,,,Target Center,
Fri Jan 30 2026,7:00p,TOR,,ORL,,,,,,Kia Center,
Fri Jan 30 2026,7:00p,LAL,,WAS,,,,,,Capital One Arena,
Fri Jan 30 2026,7:30p,SAC,,BOS,,,,,,TD Garden,
Fri Jan 30 2026,7:30p,MEM,,NOP,,,,,,Smoothie King Center,
Fri Jan 30 2026,7:30p,POR,,NYK,,,,,,Madison Square Garden (IV),
Fri Jan 30 2026,8:00p,CHI,,MIA,,,,,,Kaseya Center,
Fri Jan 30 2026,9:00p,CLE,,PHX,,,,,,Mortgage Matchup Center,
Fri Jan 30 2026,9:30p,BKN,,UTA,,,,,,Delta Center,
Fri Jan 30 2026,10:00p,LAC,,DEN,,,,,,Ball Arena,
Fri Jan 30 2026,10:00p,DET,,GSW,,,,,,Chase Center,
Sat Jan 31 2026,3:00p,SAS,,CHA,,,,,,Spectrum Center,
Sat Jan 31 2026,7:00p,ATL,,IND,,,,,,Gainbridge Fieldhouse,
Sat Jan 31 2026,7:30p,NOP,,PHI,,,,,,Xfinity Mobile Arena,
Sat Jan 31 2026,8:00p,MIN,,MEM,,,,,,FedExForum,
Sat Jan 31 2026,8:30p,DAL,,HOU,,,,,,Toyota Center,
Sun Feb 1 2026,3:30p,MIL,,BOS,,,,,,TD Garden,
Sun Feb 1 2026,4:00p,ORL,,SAS,,,,,,Frost Bank Center,
Sun Feb 1 2026,6:00p,BKN,,DET,,,,,,Little Caesars Arena,
Sun Feb 1 2026,6:00p,CHI,,MIA,,,,,,Kaseya Center,
Sun Feb 1 2026,6:00p,UTA,,TOR,,,,,,Scotiabank Arena,
Sun Feb 1 2026,6:00p,SAC,,WAS,,,,,,Capital One Arena,
Sun Feb 1 2026,7:00p,LAL,,NYK,,,,,,Madison Square Garden (IV),
Sun Feb 1 2026,8:00p,LAC,,PHX,,,,,,Mortgage Matchup Center,
Sun Feb 1 2026,9:00p,CLE,,POR,,,,,,Moda Center,
Sun Feb 1 2026,9:30p,OKC,,DEN,,,,,,Ball Arena,
Mon Feb 2 2026,7:00p,NOP,,CHA,,,,,,Spectrum Center,
Mon Feb 2 2026,7:00p,HOU,,IND,,,,,,Gainbridge Fieldhouse,
Mon Feb 2 2026,9:30p,MIN,,MEM,,,,,,FedExForum,
Mon Feb 2 2026,10:30p,PHI,,LAC,,,,,,Intuit Dome,
Tue Feb 3 2026,7:00p,DEN,,DET,,,,,,Little Caesars Arena,
Tue Feb 3 2026,7:00p,UTA,,IND,,,,,,Gainbridge Fieldhouse,
Tue Feb 3 2026,7:00p,NYK,,WAS,,,,,,Capital One Arena,
Tue Feb 3 2026,7:30p,LAL,,BKN,,,,,,Barclays Center,
Tue Feb 3 2026,7:30p,ATL,,MIA,,,,,,Kaseya Center,
Tue Feb 3 2026,8:00p,BOS,,DAL,,,,,,American Airlines Center,
Tue Feb 3 2026,8:00p,CHI,,MIL,,,,,,Fiserv Forum,
Tue Feb 3 2026,8:00p,ORL,,OKC,,,,,,Paycom Center,
Tue Feb 3 2026,10:00p,PHI,,GSW,,,,,,Chase Center,
Tue Feb 3 2026,11:00p,PHX,,POR,,,,,,Moda Center,
Wed Feb 4 2026,7:00p,DEN,,NYK,,,,,,Madison Square Garden (IV),
Wed Feb 4 2026,7:30p,MIN,,TOR,,,,,,Scotiabank Arena,
Wed Feb 4 2026,8:00p,BOS,,HOU,,,,,,Toyota Center,
Wed Feb 4 2026,8:00p,NOP,,MIL,,,,,,Fiserv Forum,
Wed Feb 4 2026,9:30p,OKC,,SAS,,,,,,Frost Bank Center,
Wed Feb 4 2026,10:00p,MEM,,SAC,,,,,,Golden 1 Center,
Wed Feb 4 2026,10:30p,CLE,,LAC,,,,,,Intuit Dome,
Thu Feb 5 2026,7:00p,WAS,,DET,,,,,,Little Caesars Arena,
Thu Feb 5 2026,7:00p,BKN,,ORL,,,,,,Kia Center,
Thu Feb 5 2026,7:30p,UTA,,ATL,,,,,,State Farm Arena,
Thu Feb 5 2026,7:30p,CHI,,TOR,,,,,,Scotiabank Arena,
Thu Feb 5 2026,8:00p,CHA,,HOU,,,,,,Toyota Center,
Thu Feb 5 2026,8:30p,SAS,,DAL,,,,,,American Airlines Center,
Thu Feb 5 2026,9:00p,GSW,,PHX,,,,,,Mortgage Matchup Center,
Thu Feb 5 2026,10:00p,PHI,,LAL,,,,,,Crypto.com Arena,
Fri Feb 6 2026,7:30p,MIA,,BOS,,,,,,TD Garden,
Fri Feb 6 2026,7:30p,NYK,,DET,,,,,,Little Caesars Arena,
Fri Feb 6 2026,8:00p,IND,,MIL,,,,,,Fiserv Forum,
Fri Feb 6 2026,8:00p,NOP,,MIN,,,,,,Target Center,
Fri Feb 6 2026,10:00p,MEM,,POR,,,,,,Moda Center,
Fri Feb 6 2026,10:00p,LAC,,SAC,,,,,,Golden 1 Center,
Sat Feb 7 2026,3:00p,WAS,,BKN,,,,,,Barclays Center,
Sat Feb 7 2026,3:30p,HOU,,OKC,,,,,,Paycom Center,
Sat Feb 7 2026,6:00p,DAL,,SAS,,,,,,Frost Bank Center,
Sat Feb 7 2026,7:00p,UTA,,ORL,,,,,,Kia Center,
Sat Feb 7 2026,7:30p,CHA,,ATL,,,,,,State Farm Arena,
Sat Feb 7 2026,8:00p,DEN,,CHI,,,,,,United Center,
Sat Feb 7 2026,8:30p,GSW,,LAL,,,,,,Crypto.com Arena,
Sat Feb 7 2026,9:00p,PHI,,PHX,,,,,,Mortgage Matchup Center,
Sat Feb 7 2026,10:00p,MEM,,POR,,,,,,Moda Center,
Sat Feb 7 2026,10:00p,CLE,,SAC,,,,,,Golden 1 Center,
Sun Feb 8 2026,12:30p,NYK,,BOS,,,,,,TD Garden,
Sun Feb 8 2026,2:00p,MIA,,WAS,,,,,,Capital One Arena,
Sun Feb 8 2026,3:00p,LAC,,MIN,,,,,,Target Center,
Sun Feb 8 2026,3:00p,IND,,TOR,,,,,,Scotiabank Arena,
Mon Feb 9 2026,7:00p,DET,,CHA,,,,,,Spectrum Center,
Mon Feb 9 2026,7:30p,CHI,,BKN,,,,,,Barclays Center,
Mon Feb 9 2026,7:30p,UTA,,MIA,,,,,,Kaseya Center,
Mon Feb 9 2026,7:30p,MIL,,ORL,,,,,,Kia Center,
Mon Feb 9 2026,8:00p,ATL,,MIN,,,,,,Target Center,
Mon Feb 9 2026,8:00p,SAC,,NOP,,,,,,Smoothie King Center,
Mon Feb 9 2026,9:00p,CLE,,DEN,,,,,,Ball Arena,
Mon Feb 9 2026,10:00p,MEM,,GSW,,,,,,Chase Center,
Mon Feb 9 2026,10:00p,OKC,,LAL,,,,,,Crypto.com Arena,
Mon Feb 9 2026,10:00p,PHI,,POR,,,,,,Moda Center,
Tue Feb 10 2026,7:30p,IND,,NYK,,,,,,Madison Square Garden (IV),
Tue Feb 10 2026,8:00p,LAC,,HOU,,,,,,Toyota Center,
Tue Feb 10 2026,9:00p,DAL,,PHX,,,,,,Mortgage Matchup Center,
Tue Feb 10 2026,10:30p,SAS,,LAL,,,,,,Crypto.com Arena,
Wed Feb 11 2026,7:00p,ATL,,CHA,,,,,,Spectrum Center,
Wed Feb 11 2026,7:00p,WAS,,CLE,,,,,,Rocket Arena,
Wed Feb 11 2026,7:00p,MIL,,ORL,,,,,,Kia Center,
Wed Feb 11 2026,7:30p,CHI,,BOS,,,,,,TD Garden,
Wed Feb 11 2026,7:30p,IND,,BKN,,,,,,Barclays Center,
Wed Feb 11 2026,7:30p,NYK,,PHI,,,,,,Xfinity Mobile Arena,
Wed Feb 11 2026,7:30p,DET,,TOR,,,,,,Scotiabank Arena,
Wed Feb 11 2026,8:00p,LAC,,HOU,,,,,,Toyota Center,
Wed Feb 11 2026,8:00p,POR,,MIN,,,,,,Target Center,
Wed Feb 11 2026,8:00p,MIA,,NOP,,,,,,Smoothie King Center,
Wed Feb 11 2026,9:00p,OKC,,PHX,,,,,,Mortgage Matchup Center,
Wed Feb 11 2026,9:00p,SAC,,UTA,,,,,,Delta Center,
Wed Feb 11 2026,10:00p,MEM,,DEN,,,,,,Ball Arena,
Wed Feb 11 2026,10:00p,SAS,,GSW,,,,,,Chase Center,
Thu Feb 12 2026,7:30p,MIL,,OKC,,,,,,Paycom Center,
Thu Feb 12 2026,9:00p,POR,,UTA,,,,,,Delta Center,
Thu Feb 12 2026,10:00p,DAL,,LAL,,,,,,Crypto.com Arena,
Thu Feb 19 2026,7:00p,HOU,,CHA,,,,,,Spectrum Center,
Thu Feb 19 2026,7:00p,BKN,,CLE,,,,,,Rocket Arena,
Thu Feb 19 2026,7:00p,ATL,,PHI,,,,,,Xfinity Mobile Arena,
Thu Feb 19 2026,7:00p,IND,,WAS,,,,,,Capital One Arena,
Thu Feb 19 2026,7:30p,DET,,NYK,,,,,,Madison Square Garden (IV),
Thu Feb 19 2026,8:00p,TOR,,CHI,,,,,,United Center,
Thu Feb 19 2026,8:30p,PHX,,SAS,,,,,,Moody Center,
Thu Feb 19 2026,10:00p,BOS,,GSW,,,,,,Chase Center,
Thu Feb 19 2026,10:00p,ORL,,SAC,,,,,,Golden 1 Center,
Thu Feb 19 2026,10:30p,DEN,,LAC,,,,,,Intuit Dome,
Fri Feb 20 2026,7:00p,CLE,,CHA,,,,,,Spectrum Center,
Fri Feb 20 2026,7:00p,UTA,,MEM,,,,,,FedExForum,
Fri Feb 20 2026,7:00p,IND,,WAS,,,,,,Capital One Arena,
Fri Feb 20 2026,7:30p,MIA,,ATL,,,,,,State Farm Arena,
Fri Feb 20 2026,7:30p,DAL,,MIN,,,,,,Target Center,
Fri Feb 20 2026,8:00p,MIL,,NOP,,,,,,Smoothie King Center,
Fri Feb 20 2026,8:00p,BKN,,OKC,,,,,,Paycom Center,
Fri Feb 20 2026,10:00p,LAC,,LAL,,,,,,Crypto.com Arena,
Fri Feb 20 2026,10:00p,DEN,,POR,,,,,,Moda Center,
Sat Feb 21 2026,5:00p,ORL,,PHX,,,,,,Mortgage Matchup Center,
Sat Feb 21 2026,7:00p,PHI,,NOP,,,,,,Smoothie King Center,
Sat Feb 21 2026,8:00p,DET,,CHI,,,,,,United Center,
Sat Feb 21 2026,8:00p,MEM,,MIA,,,,,,Kaseya Center,
Sat Feb 21 2026,8:00p,SAC,,SAS,,,,,,Moody Center,
Sat Feb 21 2026,8:30p,HOU,,NYK,,,,,,Madison Square Garden (IV),
Sun Feb 22 2026,1:00p,CLE,,OKC,,,,,,Paycom Center,
Sun Feb 22 2026,3:30p,BKN,,ATL,,,,,,State Farm Arena,
Sun Feb 22 2026,3:30p,DEN,,GSW,,,,,,Chase Center,
Sun Feb 22 2026,3:30p,TOR,,MIL,,,,,,Fiserv Forum,
Sun Feb 22 2026,5:00p,DAL,,IND,,,,,,Gainbridge Fieldhouse,
Sun Feb 22 2026,6:00p,CHA,,WAS,,,,,,Capital One Arena,
Sun Feb 22 2026,6:30p,BOS,,LAL,,,,,,Crypto.com Arena,
Sun Feb 22 2026,7:00p,PHI,,MIN,,,,,,Target Center,
Sun Feb 22 2026,8:00p,NYK,,CHI,,,,,,United Center,
Sun Feb 22 2026,8:00p,POR,,PHX,,,,,,Mortgage Matchup Center,
Sun Feb 22 2026,9:00p,ORL,,LAC,,,,,,Intuit Dome,
Mon Feb 23 2026,7:00p,SAS,,DET,,,,,,Little Caesars Arena,
Mon Feb 23 2026,8:00p,SAC,,MEM,,,,,,FedExForum,
Mon Feb 23 2026,9:30p,UTA,,HOU,,,,,,Toyota Center,
Tue Feb 24 2026,7:00p,PHI,,IND,,,,,,Gainbridge Fieldhouse,
Tue Feb 24 2026,7:30p,WAS,,ATL,,,,,,State Farm Arena,
Tue Feb 24 2026,7:30p,DAL,,BKN,,,,,,Barclays Center,
Tue Feb 24 2026,7:30p,OKC,,TOR,,,,,,Scotiabank Arena,
Tue Feb 24 2026,8:00p,CHA,,CHI,,,,,,United Center,
Tue Feb 24 2026,8:00p,NYK,,CLE,,,,,,Rocket Arena,
Tue Feb 24 2026,8:00p,MIA,,MIL,,,,,,Fiserv Forum,
Tue Feb 24 2026,8:00p,GSW,,NOP,,,,,,Smoothie King Center,
Tue Feb 24 2026,9:00p,BOS,,PHX,,,,,,Mortgage Matchup Center,
Tue Feb 24 2026,10:30p,ORL,,LAL,,,,,,Crypto.com Arena,
Tue Feb 24 2026,11:00p,MIN,,POR,,,,,,Moda Center,
Wed Feb 25 2026,7:00p,OKC,,DET,,,,,,Little Caesars Arena,
Wed Feb 25 2026,7:30p,GSW,,MEM,,,,,,FedExForum,
Wed Feb 25 2026,7:30p,SAS,,TOR,,,,,,Scotiabank Arena,
Wed Feb 25 2026,8:00p,SAC,,HOU,,,,,,Toyota Center,
Wed Feb 25 2026,8:00p,CLE,,MIL,,,,,,Fiserv Forum,
Wed Feb 25 2026,10:00p,BOS,,DEN,,,,,,Ball Arena,
Thu Feb 26 2026,7:00p,CHA,,IND,,,,,,Gainbridge Fieldhouse,
Thu Feb 26 2026,7:00p,MIA,,PHI,,,,,,Xfinity Mobile Arena,
Thu Feb 26 2026,7:30p,WAS,,ATL,,,,,,State Farm Arena,
Thu Feb 26 2026,7:30p,SAS,,BKN,,,,,,Barclays Center,
Thu Feb 26 2026,7:30p,HOU,,ORL,,,,,,Kia Center,
Thu Feb 26 2026,8:00p,POR,,CHI,,,,,,United Center,
Thu Feb 26 2026,8:30p,SAC,,DAL,,,,,,American Airlines Center,
Thu Feb 26 2026,9:00p,LAL,,PHX,,,,,,Mortgage Matchup Center,
Thu Feb 26 2026,9:00p,NOP,,UTA,,,,,,Delta Center,
Thu Feb 26 2026,10:00p,MIN,,LAC,,,,,,Intuit Dome,
Fri Feb 27 2026,7:00p,CLE,,DET,,,,,,Little Caesars Arena,
Fri Feb 27 2026,7:30p,BKN,,BOS,,,,,,TD Garden,
Fri Feb 27 2026,8:00p,NYK,,MIL,,,,,,Fiserv Forum,
Fri Feb 27 2026,8:30p,MEM,,DAL,,,,,,American Airlines Center,
Fri Feb 27 2026,9:30p,DEN,,OKC,,,,,,Paycom Center,
Sat Feb 28 2026,1:00p,POR,,CHA,,,,,,Spectrum Center,
Sat Feb 28 2026,3:00p,HOU,,MIA,,,,,,Kaseya Center,
Sat Feb 28 2026,7:00p,TOR,,WAS,,,,,,Capital One Arena,
Sat Feb 28 2026,8:30p,LAL,,GSW,,,,,,Chase Center,
Sat Feb 28 2026,9:30p,NOP,,UTA,,,,,,Delta Center,
Date,Start (ET),Visitor/Neutral,PTS,Home/Neutral,PTS,,,Attend.,LOG,Arena,Notes
Sun Mar 1 2026,1:00p,SAS,,NYK,,,,,,Madison Square Garden (IV),
Sun Mar 1 2026,3:30p,CLE,,BKN,,,,,,Barclays Center,
Sun Mar 1 2026,3:30p,MIL,,CHI,,,,,,United Center,
Sun Mar 1 2026,3:30p,MIN,,DEN,,,,,,Ball Arena,
Sun Mar 1 2026,5:00p,MEM,,IND,,,,,,Gainbridge Fieldhouse,
Sun Mar 1 2026,6:00p,POR,,ATL,,,,,,State Farm Arena,
Sun Mar 1 2026,6:00p,PHI,,BOS,,,,,,TD Garden,
Sun Mar 1 2026,6:00p,DET,,ORL,,,,,,Kia Center,
Sun Mar 1 2026,8:00p,OKC,,DAL,,,,,,American Airlines Center,
Sun Mar 1 2026,9:00p,NOP,,LAC,,,,,,Intuit Dome,
Sun Mar 1 2026,9:30p,SAC,,LAL,,,,,,Crypto.com Arena,
Mon Mar 2 2026,7:00p,HOU,,WAS,,,,,,Capital One Arena,
Mon Mar 2 2026,7:30p,BOS,,MIL,,,,,,Fiserv Forum,
Mon Mar 2 2026,9:00p,DEN,,UTA,,,,,,Delta Center,
Mon Mar 2 2026,10:00p,LAC,,GSW,,,,,,Chase Center,
Tue Mar 3 2026,7:00p,DAL,,CHA,,,,,,Spectrum Center,
Tue Mar 3 2026,7:00p,DET,,CLE,,,,,,Rocket Arena,
Tue Mar 3 2026,7:00p,WAS,,ORL,,,,,,Kia Center,
Tue Mar 3 2026,7:30p,BKN,,MIA,,,,,,Kaseya Center,
Tue Mar 3 2026,7:30p,NYK,,TOR,,,,,,Scotiabank Arena,
Tue Mar 3 2026,8:00p,OKC,,CHI,,,,,,United Center,
Tue Mar 3 2026,8:00p,MEM,,MIN,,,,,,Target Center,
Tue Mar 3 2026,8:00p,SAS,,PHI,,,,,,Xfinity Mobile Arena,
Tue Mar 3 2026,10:30p,NOP,,LAL,,,,,,Crypto.com Arena,
Tue Mar 3 2026,11:00p,PHX,,SAC,,,,,,Golden 1 Center,
Wed Mar 4 2026,7:00p,OKC,,NYK,,,,,,Madison Square Garden (IV),
Wed Mar 4 2026,7:30p,CHA,,BOS,,,,,,TD Garden,
Wed Mar 4 2026,7:30p,UTA,,PHI,,,,,,Xfinity Mobile Arena,
Wed Mar 4 2026,8:00p,POR,,MEM,,,,,,FedExForum,
Wed Mar 4 2026,9:30p,ATL,,MIL,,,,,,Fiserv Forum,
Wed Mar 4 2026,10:30p,IND,,LAC,,,,,,Intuit Dome,
Thu Mar 5 2026,7:00p,DAL,,ORL,,,,,,Kia Center,
Thu Mar 5 2026,7:00p,UTA,,WAS,,,,,,Capital One Arena,
Thu Mar 5 2026,7:30p,GSW,,HOU,,,,,,Toyota Center,
Thu Mar 5 2026,7:30p,BKN,,MIA,,,,,,Kaseya Center,
Thu Mar 5 2026,8:00p,TOR,,MIN,,,,,,Target Center,
Thu Mar 5 2026,8:00p,DET,,SAS,,,,,,Frost Bank Center,
Thu Mar 5 2026,9:00p,CHI,,PHX,,,,,,Mortgage Matchup Center,
Thu Mar 5 2026,10:00p,LAL,,DEN,,,,,,Ball Arena,
Thu Mar 5 2026,10:00p,NOP,,SAC,,,,,,Golden 1 Center,
Fri Mar 6 2026,7:00p,DAL,,BOS,,,,,,TD Garden,
Fri Mar 6 2026,7:00p,MIA,,CHA,,,,,,Spectrum Center,
Fri Mar 6 2026,8:00p,POR,,HOU,,,,,,Toyota Center,
Fri Mar 6 2026,9:00p,NYK,,DEN,,,,,,Ball Arena,
Fri Mar 6 2026,9:00p,NOP,,PHX,,,,,,Mortgage Matchup Center,
Fri Mar 6 2026,9:30p,LAC,,SAS,,,,,,Frost Bank Center,
Fri Mar 6 2026,10:30p,IND,,LAL,,,,,,Crypto.com Arena,
Sat Mar 7 2026,3:00p,ORL,,MIN,,,,,,Target Center,
Sat Mar 7 2026,6:00p,BKN,,DET,,,,,,Little Caesars Arena,
Sat Mar 7 2026,7:30p,PHI,,ATL,,,,,,State Farm Arena,
Sat Mar 7 2026,8:00p,LAC,,MEM,,,,,,FedExForum,
Sat Mar 7 2026,8:00p,UTA,,MIL,,,,,,Fiserv Forum,
Sat Mar 7 2026,8:30p,GSW,,OKC,,,,,,Paycom Center,
Sun Mar 8 2026,1:00p,BOS,,CLE,,,,,,Rocket Arena,
Sun Mar 8 2026,3:30p,NYK,,LAL,,,,,,Crypto.com Arena,
Sun Mar 8 2026,6:00p,DET,,MIA,,,,,,Kaseya Center,
Sun Mar 8 2026,6:00p,DAL,,TOR,,,,,,Scotiabank Arena,
Sun Mar 8 2026,7:00p,WAS,,NOP,,,,,,Smoothie King Center,
Sun Mar 8 2026,8:00p,ORL,,MIL,,,,,,Fiserv Forum,
Sun Mar 8 2026,8:00p,HOU,,SAS,,,,,,Frost Bank Center,
Sun Mar 8 2026,9:00p,CHA,,PHX,,,,,,Mortgage Matchup Center,
Sun Mar 8 2026,9:00p,IND,,POR,,,,,,Moda Center,
Sun Mar 8 2026,9:00p,CHI,,SAC,,,,,,Golden 1 Center,
Mon Mar 9 2026,7:00p,PHI,,CLE,,,,,,Rocket Arena,
Mon Mar 9 2026,7:30p,MEM,,BKN,,,,,,Barclays Center,
Mon Mar 9 2026,7:30p,DEN,,OKC,,,,,,Paycom Center,
Mon Mar 9 2026,9:00p,GSW,,UTA,,,,,,Delta Center,
Mon Mar 9 2026,10:00p,NYK,,LAC,,,,,,Intuit Dome,
Tue Mar 10 2026,7:00p,MEM,,PHI,,,,,,Xfinity Mobile Arena,
Tue Mar 10 2026,7:30p,DET,,BKN,,,,,,Barclays Center,
Tue Mar 10 2026,7:30p,WAS,,MIA,,,,,,Kaseya Center,
Tue Mar 10 2026,8:00p,DAL,,ATL,,,,,,State Farm Arena,
Tue Mar 10 2026,8:00p,TOR,,HOU,,,,,,Toyota Center,
Tue Mar 10 2026,8:00p,PHX,,MIL,,,,,,Fiserv Forum,
Tue Mar 10 2026,8:00p,BOS,,SAS,,,,,,Frost Bank Center,
Tue Mar 10 2026,10:00p,CHI,,GSW,,,,,,Chase Center,
Tue Mar 10 2026,10:00p,CHA,,POR,,,,,,Moda Center,
Tue Mar 10 2026,10:00p,IND,,SAC,,,,,,Golden 1 Center,
Tue Mar 10 2026,11:00p,MIN,,LAL,,,,,,Crypto.com Arena,
Wed Mar 11 2026,7:30p,CLE,,ORL,,,,,,Kia Center,
Wed Mar 11 2026,8:00p,TOR,,NOP,,,,,,Smoothie King Center,
Wed Mar 11 2026,9:00p,NYK,,UTA,,,,,,Delta Center,
Wed Mar 11 2026,10:00p,HOU,,DEN,,,,,,Ball Arena,
Wed Mar 11 2026,10:00p,CHA,,SAC,,,,,,Golden 1 Center,
Wed Mar 11 2026,10:30p,MIN,,LAC,,,,,,Intuit Dome,
Thu Mar 12 2026,7:00p,PHI,,DET,,,,,,Little Caesars Arena,
Thu Mar 12 2026,7:00p,PHX,,IND,,,,,,Gainbridge Fieldhouse,
Thu Mar 12 2026,7:00p,WAS,,ORL,,,,,,Kia Center,
Thu Mar 12 2026,7:30p,BKN,,ATL,,,,,,State Farm Arena,
Thu Mar 12 2026,7:30p,MIL,,MIA,,,,,,Kaseya Center,
Thu Mar 12 2026,9:00p,DEN,,SAS,,,,,,Frost Bank Center,
Thu Mar 12 2026,9:30p,BOS,,OKC,,,,,,Paycom Center,
Thu Mar 12 2026,10:30p,CHI,,LAL,,,,,,Crypto.com Arena,
Fri Mar 13 2026,7:30p,MEM,,DET,,,,,,Little Caesars Arena,
Fri Mar 13 2026,7:30p,NYK,,IND,,,,,,Gainbridge Fieldhouse,
Fri Mar 13 2026,7:30p,PHX,,TOR,,,,,,Scotiabank Arena,
Fri Mar 13 2026,8:00p,NOP,,HOU,,,,,,Toyota Center,
Fri Mar 13 2026,8:30p,CLE,,DAL,,,,,,American Airlines Center,
Fri Mar 13 2026,10:00p,MIN,,GSW,,,,,,Chase Center,
Fri Mar 13 2026,10:00p,UTA,,POR,,,,,,Moda Center,
Fri Mar 13 2026,10:30p,CHI,,LAC,,,,,,Intuit Dome,
Sat Mar 14 2026,1:00p,BKN,,PHI,,,,,,Xfinity Mobile Arena,
Sat Mar 14 2026,3:00p,MIL,,ATL,,,,,,State Farm Arena,
Sat Mar 14 2026,6:00p,WAS,,BOS,,,,,,TD Garden,
Sat Mar 14 2026,8:00p,ORL,,MIA,,,,,,Kaseya Center,
Sat Mar 14 2026,8:00p,CHA,,SAS,,,,,,Frost Bank Center,
Sat Mar 14 2026,8:30p,DEN,,LAL,,,,,,Crypto.com Arena,
Sat Mar 14 2026,10:30p,SAC,,LAC,,,,,,Intuit Dome,
Sun Mar 15 2026,1:00p,MIN,,OKC,,,,,,Paycom Center,
Sun Mar 15 2026,3:30p,DAL,,CLE,,,,,,Rocket Arena,
Sun Mar 15 2026,3:30p,IND,,MIL,,,,,,Fiserv Forum,
Sun Mar 15 2026,3:30p,DET,,TOR,,,,,,Scotiabank Arena,
Sun Mar 15 2026,6:00p,POR,,PHI,,,,,,Xfinity Mobile Arena,
Sun Mar 15 2026,8:00p,GSW,,NYK,,,,,,Madison Square Garden (IV),
Sun Mar 15 2026,10:00p,UTA,,SAC,,,,,,Golden 1 Center,
Mon Mar 16 2026,7:00p,ORL,,ATL,,,,,,State Farm Arena,
Mon Mar 16 2026,7:00p,GSW,,WAS,,,,,,Capital One Arena,
Mon Mar 16 2026,7:30p,POR,,BKN,,,,,,Barclays Center,
Mon Mar 16 2026,8:00p,PHX,,BOS,,,,,,TD Garden,
Mon Mar 16 2026,8:00p,MEM,,CHI,,,,,,United Center,
Mon Mar 16 2026,8:00p,DAL,,NOP,,,,,,Smoothie King Center,
Mon Mar 16 2026,9:00p,LAL,,HOU,,,,,,Toyota Center,
Mon Mar 16 2026,10:30p,SAS,,LAC,,,,,,Intuit Dome,
Tue Mar 17 2026,7:00p,MIA,,CHA,,,,,,Spectrum Center,
Tue Mar 17 2026,7:00p,OKC,,ORL,,,,,,Kia Center,
Tue Mar 17 2026,7:00p,DET,,WAS,,,,,,Capital One Arena,
Tue Mar 17 2026,7:30p,IND,,NYK,,,,,,Madison Square Garden (IV),
Tue Mar 17 2026,8:00p,CLE,,MIL,,,,,,Fiserv Forum,
Tue Mar 17 2026,8:00p,PHX,,MIN,,,,,,Target Center,
Tue Mar 17 2026,9:00p,PHI,,DEN,,,,,,Ball Arena,
Tue Mar 17 2026,11:00p,SAS,,SAC,,,,,,Golden 1 Center,
Wed Mar 18 2026,7:00p,GSW,,BOS,,,,,,TD Garden,
Wed Mar 18 2026,7:30p,OKC,,BKN,,,,,,Barclays Center,
Wed Mar 18 2026,7:30p,POR,,IND,,,,,,Gainbridge Fieldhouse,
Wed Mar 18 2026,8:00p,TOR,,CHI,,,,,,United Center,
Wed Mar 18 2026,8:00p,NYK,,MEM,,,,,,FedExForum,
Wed Mar 18 2026,8:00p,UTA,,MIN,,,,,,Target Center,
Wed Mar 18 2026,8:00p,LAC,,NOP,,,,,,Smoothie King Center,
Wed Mar 18 2026,8:30p,ATL,,DAL,,,,,,American Airlines Center,
Wed Mar 18 2026,9:30p,LAL,,HOU,,,,,,Toyota Center,
Thu Mar 19 2026,7:00p,ORL,,CHA,,,,,,Spectrum Center,
Thu Mar 19 2026,7:00p,DET,,WAS,,,,,,Capital One Arena,
Thu Mar 19 2026,8:00p,CLE,,CHI,,,,,,United Center,
Thu Mar 19 2026,8:00p,LAL,,MIA,,,,,,Kaseya Center,
Thu Mar 19 2026,8:00p,LAC,,NOP,,,,,,Smoothie King Center,
Thu Mar 19 2026,8:00p,PHX,,SAS,,,,,,Frost Bank Center,
Thu Mar 19 2026,9:00p,MIL,,UTA,,,,,,Delta Center,
Thu Mar 19 2026,10:00p,PHI,,SAC,,,,,,Golden 1 Center,
Fri Mar 20 2026,7:30p,NYK,,BKN,,,,,,Barclays Center,
Fri Mar 20 2026,7:30p,GSW,,DET,,,,,,Little Caesars Arena,
Fri Mar 20 2026,8:00p,ATL,,HOU,,,,,,Toyota Center,
Fri Mar 20 2026,8:00p,BOS,,MEM,,,,,,FedExForum,
Fri Mar 20 2026,8:00p,POR,,MIN,,,,,,Target Center,
Fri Mar 20 2026,9:00p,TOR,,DEN,,,,,,Ball Arena,
Sat Mar 21 2026,5:00p,OKC,,WAS,,,,,,Capital One Arena,
Sat Mar 21 2026,7:00p,MEM,,CHA,,,,,,Spectrum Center,
Sat Mar 21 2026,7:00p,CLE,,NOP,,,,,,Smoothie King Center,
Sat Mar 21 2026,7:00p,LAL,,ORL,,,,,,Kia Center,
Sat Mar 21 2026,8:00p,GSW,,ATL,,,,,,State Farm Arena,
Sat Mar 21 2026,8:00p,MIA,,HOU,,,,,,Toyota Center,
Sat Mar 21 2026,8:00p,IND,,SAS,,,,,,Frost Bank Center,
Sat Mar 21 2026,8:30p,LAC,,DAL,,,,,,American Airlines Center,
Sat Mar 21 2026,9:30p,PHI,,UTA,,,,,,Delta Center,
Sat Mar 21 2026,10:00p,MIL,,PHX,,,,,,Mortgage Matchup Center,
Sun Mar 22 2026,5:00p,POR,,DEN,,,,,,Ball Arena,
Sun Mar 22 2026,6:00p,BKN,,SAC,,,,,,Golden 1 Center,
Sun Mar 22 2026,7:30p,WAS,,NYK,,,,,,Madison Square Garden (IV),
Sun Mar 22 2026,8:00p,MIN,,BOS,,,,,,TD Garden,
Sun Mar 22 2026,9:00p,TOR,,PHX,,,,,,Mortgage Matchup Center,
Mon Mar 23 2026,7:00p,MEM,,ATL,,,,,,State Farm Arena,
Mon Mar 23 2026,7:00p,LAL,,DET,,,,,,Little Caesars Arena,
Mon Mar 23 2026,7:00p,IND,,ORL,,,,,,Kia Center,
Mon Mar 23 2026,7:00p,OKC,,PHI,,,,,,Xfinity Mobile Arena,
Mon Mar 23 2026,7:30p,SAS,,MIA,,,,,,Kaseya Center,
Mon Mar 23 2026,8:00p,HOU,,CHI,,,,,,United Center,
Mon Mar 23 2026,9:00p,TOR,,UTA,,,,,,Delta Center,
Mon Mar 23 2026,9:30p,GSW,,DAL,,,,,,American Airlines Center,
Mon Mar 23 2026,10:00p,BKN,,POR,,,,,,Moda Center,
Mon Mar 23 2026,10:30p,MIL,,LAC,,,,,,Intuit Dome,
Tue Mar 24 2026,7:00p,SAC,,CHA,,,,,,Spectrum Center,
Tue Mar 24 2026,7:30p,NOP,,NYK,,,,,,Madison Square Garden (IV),
Tue Mar 24 2026,8:00p,ORL,,CLE,,,,,,Rocket Arena,
Tue Mar 24 2026,11:00p,DEN,,PHX,,,,,,Mortgage Matchup Center,
Wed Mar 25 2026,7:00p,ATL,,DET,,,,,,Little Caesars Arena,
Wed Mar 25 2026,7:00p,LAL,,IND,,,,,,Gainbridge Fieldhouse,
Wed Mar 25 2026,7:00p,CHI,,PHI,,,,,,Xfinity Mobile Arena,
Wed Mar 25 2026,7:30p,OKC,,BOS,,,,,,TD Garden,
Wed Mar 25 2026,7:30p,MIA,,CLE,,,,,,Rocket Arena,
Wed Mar 25 2026,8:00p,SAS,,MEM,,,,,,FedExForum,
Wed Mar 25 2026,9:00p,WAS,,UTA,,,,,,Delta Center,
Wed Mar 25 2026,9:30p,HOU,,MIN,,,,,,Target Center,
Wed Mar 25 2026,10:00p,DAL,,DEN,,,,,,Ball Arena,
Wed Mar 25 2026,10:00p,BKN,,GSW,,,,,,Chase Center,
Wed Mar 25 2026,10:00p,MIL,,POR,,,,,,Moda Center,
Wed Mar 25 2026,10:30p,TOR,,LAC,,,,,,Intuit Dome,
Thu Mar 26 2026,7:00p,NYK,,CHA,,,,,,Spectrum Center,
Thu Mar 26 2026,7:00p,NOP,,DET,,,,,,Little Caesars Arena,
Thu Mar 26 2026,7:00p,SAC,,ORL,,,,,,Kia Center,
Fri Mar 27 2026,7:00p,LAC,,IND,,,,,,Gainbridge Fieldhouse,
Fri Mar 27 2026,7:30p,ATL,,BOS,,,,,,TD Garden,
Fri Mar 27 2026,7:30p,MIA,,CLE,,,,,,Rocket Arena,
Fri Mar 27 2026,8:00p,HOU,,MEM,,,,,,FedExForum,
Fri Mar 27 2026,8:00p,CHI,,OKC,,,,,,Paycom Center,
Fri Mar 27 2026,8:30p,NOP,,TOR,,,,,,Scotiabank Arena,
Fri Mar 27 2026,9:00p,UTA,,DEN,,,,,,Ball Arena,
Fri Mar 27 2026,10:00p,WAS,,GSW,,,,,,Chase Center,
Fri Mar 27 2026,10:00p,DAL,,POR,,,,,,Moda Center,
Fri Mar 27 2026,10:30p,BKN,,LAL,,,,,,Crypto.com Arena,
Sat Mar 28 2026,3:00p,SAS,,MIL,,,,,,Fiserv Forum,
Sat Mar 28 2026,6:00p,PHI,,CHA,,,,,,Spectrum Center,
Sat Mar 28 2026,7:30p,SAC,,ATL,,,,,,State Farm Arena,
Sat Mar 28 2026,8:00p,CHI,,MEM,,,,,,FedExForum,
Sat Mar 28 2026,8:00p,DET,,MIN,,,,,,Target Center,
Sat Mar 28 2026,10:00p,UTA,,PHX,,,,,,Mortgage Matchup Center,
Sun Mar 29 2026,3:30p,LAC,,MIL,,,,,,Fiserv Forum,
Sun Mar 29 2026,5:00p,MIA,,IND,,,,,,Gainbridge Fieldhouse,
Sun Mar 29 2026,6:00p,SAC,,BKN,,,,,,Barclays Center,
Sun Mar 29 2026,6:00p,BOS,,CHA,,,,,,Spectrum Center,
Sun Mar 29 2026,6:00p,WAS,,POR,,,,,,Moda Center,
Sun Mar 29 2026,6:00p,ORL,,TOR,,,,,,Scotiabank Arena,
Sun Mar 29 2026,7:00p,HOU,,NOP,,,,,,Smoothie King Center,
Sun Mar 29 2026,7:30p,NYK,,OKC,,,,,,Paycom Center,
Sun Mar 29 2026,10:00p,GSW,,DEN,,,,,,Ball Arena,
Mon Mar 30 2026,7:00p,PHI,,MIA,,,,,,Kaseya Center,
Mon Mar 30 2026,7:30p,BOS,,ATL,,,,,,State Farm Arena,
Mon Mar 30 2026,8:00p,PHX,,MEM,,,,,,FedExForum,
Mon Mar 30 2026,8:00p,CHI,,SAS,,,,,,Frost Bank Center,
Mon Mar 30 2026,8:30p,MIN,,DAL,,,,,,American Airlines Center,
Mon Mar 30 2026,9:00p,CLE,,UTA,,,,,,Delta Center,
Mon Mar 30 2026,9:30p,DET,,OKC,,,,,,Paycom Center,
Mon Mar 30 2026,10:00p,WAS,,LAL,,,,,,Crypto.com Arena,
Tue Mar 31 2026,7:00p,PHX,,ORL,,,,,,Kia Center,
Tue Mar 31 2026,7:30p,CHA,,BKN,,,,,,Barclays Center,
Tue Mar 31 2026,8:00p,TOR,,DET,,,,,,Little Caesars Arena,
Tue Mar 31 2026,8:00p,NYK,,HOU,,,,,,Toyota Center,
Tue Mar 31 2026,10:30p,CLE,,LAL,,,,,,Crypto.com Arena,
Tue Mar 31 2026,11:00p,POR,,LAC,,,,,,Intuit Dome,
Wed Apr 1 2026,7:00p,PHI,,WAS,,,,,,Capital One Arena,
Wed Apr 1 2026,7:30p,BOS,,MIA,,,,,,Kaseya Center,
Wed Apr 1 2026,7:30p,ATL,,ORL,,,,,,Kia Center,
Wed Apr 1 2026,8:00p,IND,,CHI,,,,,,United Center,
Wed Apr 1 2026,8:00p,MIL,,HOU,,,,,,Toyota Center,
Wed Apr 1 2026,8:00p,DAL,,MEM,,,,,,FedExForum,
Wed Apr 1 2026,8:00p,SAC,,TOR,,,,,,Scotiabank Arena,
Wed Apr 1 2026,9:00p,DEN,,UTA,,,,,,Delta Center,
Wed Apr 1 2026,10:00p,SAS,,GSW,,,,,,Chase Center,
Thu Apr 2 2026,7:00p,PHX,,CHA,,,,,,Spectrum Center,
Thu Apr 2 2026,7:00p,MIN,,DET,,,,,,Little Caesars Arena,
Thu Apr 2 2026,7:30p,LAL,,OKC,,,,,,Paycom Center,
Thu Apr 2 2026,10:00p,CLE,,GSW,,,,,,Chase Center,
Thu Apr 2 2026,10:00p,NOP,,POR,,,,,,Moda Center,
Thu Apr 2 2026,10:30p,SAS,,LAC,,,,,,Intuit Dome,
Fri Apr 3 2026,7:00p,IND,,CHA,,,,,,Spectrum Center,
Fri Apr 3 2026,7:00p,MIN,,PHI,,,,,,Xfinity Mobile Arena,
Fri Apr 3 2026,7:30p,ATL,,BKN,,,,,,Barclays Center,
Fri Apr 3 2026,7:30p,CHI,,NYK,,,,,,Madison Square Garden (IV),
Fri Apr 3 2026,8:00p,UTA,,HOU,,,,,,Toyota Center,
Fri Apr 3 2026,8:00p,TOR,,MEM,,,,,,FedExForum,
Fri Apr 3 2026,8:00p,BOS,,MIL,,,,,,Fiserv Forum,
Fri Apr 3 2026,8:30p,ORL,,DAL,,,,,,American Airlines Center,
Fri Apr 3 2026,10:00p,NOP,,SAC,,,,,,Golden 1 Center,
Sat Apr 4 2026,3:00p,WAS,,MIA,,,,,,Kaseya Center,
Sat Apr 4 2026,3:00p,SAS,,DEN,,,,,,Ball Arena,
Sat Apr 4 2026,7:00p,DET,,PHI,,,,,,Xfinity Mobile Arena,
Sun Apr 5 2026,3:30p,TOR,,BOS,,,,,,TD Garden,
Sun Apr 5 2026,3:30p,WAS,,BKN,,,,,,Barclays Center,
Sun Apr 5 2026,3:30p,PHX,,CHI,,,,,,United Center,
Sun Apr 5 2026,3:30p,MEM,,MIL,,,,,,Fiserv Forum,
Sun Apr 5 2026,6:00p,IND,,CLE,,,,,,Rocket Arena,
Sun Apr 5 2026,7:00p,CHA,,MIN,,,,,,Target Center,
Sun Apr 5 2026,7:00p,ORL,,NOP,,,,,,Smoothie King Center,
Sun Apr 5 2026,7:00p,UTA,,OKC,,,,,,Paycom Center,
Sun Apr 5 2026,7:30p,LAL,,DAL,,,,,,American Airlines Center,
Sun Apr 5 2026,9:00p,LAC,,SAC,,,,,,Golden 1 Center,
Sun Apr 5 2026,10:00p,HOU,,GSW,,,,,,Chase Center,
Mon Apr 6 2026,7:00p,NYK,,ATL,,,,,,State Farm Arena,
Mon Apr 6 2026,7:00p,DET,,ORL,,,,,,Kia Center,
Mon Apr 6 2026,8:00p,CLE,,MEM,,,,,,FedExForum,
Mon Apr 6 2026,8:00p,PHI,,SAS,,,,,,Frost Bank Center,
Mon Apr 6 2026,9:00p,POR,,DEN,,,,,,Ball Arena,
Tue Apr 7 2026,7:00p,CHI,,WAS,,,,,,Capital One Arena,
Tue Apr 7 2026,7:30p,CHA,,BOS,,,,,,TD Garden,
Tue Apr 7 2026,7:30p,MIL,,BKN,,,,,,Barclays Center,
Tue Apr 7 2026,7:30p,MIA,,TOR,,,,,,Scotiabank Arena,
Tue Apr 7 2026,8:00p,MIN,,IND,,,,,,Gainbridge Fieldhouse,
Tue Apr 7 2026,8:00p,UTA,,NOP,,,,,,Smoothie King Center,
Tue Apr 7 2026,10:00p,SAC,,GSW,,,,,,Chase Center,
Tue Apr 7 2026,10:30p,OKC,,LAL,,,,,,Crypto.com Arena,
Tue Apr 7 2026,10:30p,DAL,,LAC,,,,,,Intuit Dome,
Tue Apr 7 2026,11:00p,HOU,,PHX,,,,,,Mortgage Matchup Center,
Wed Apr 8 2026,7:00p,ATL,,CLE,,,,,,Rocket Arena,
Wed Apr 8 2026,7:00p,MIN,,ORL,,,,,,Kia Center,
Wed Apr 8 2026,7:30p,MIL,,DET,,,,,,Little Caesars Arena,
Wed Apr 8 2026,8:00p,POR,,SAS,,,,,,Frost Bank Center,
Wed Apr 8 2026,9:00p,MEM,,DEN,,,,,,Ball Arena,
Wed Apr 8 2026,10:00p,OKC,,LAC,,,,,,Intuit Dome,
Wed Apr 8 2026,10:00p,DAL,,PHX,,,,,,Mortgage Matchup Center,
Thu Apr 9 2026,7:00p,MIA,,TOR,,,,,,Scotiabank Arena,
Thu Apr 9 2026,7:00p,CHI,,WAS,,,,,,Capital One Arena,
Thu Apr 9 2026,7:30p,IND,,BKN,,,,,,Barclays Center,
Thu Apr 9 2026,7:30p,BOS,,NYK,,,,,,Madison Square Garden (IV),
Thu Apr 9 2026,8:00p,PHI,,HOU,,,,,,Toyota Center,
Thu Apr 9 2026,10:00p,LAL,,GSW,,,,,,Chase Center,
Fri Apr 10 2026,7:00p,MIA,,WAS,,,,,,Capital One Arena,
Fri Apr 10 2026,7:00p,DET,,CHA,,,,,,Spectrum Center,
Fri Apr 10 2026,7:30p,NOP,,BOS,,,,,,TD Garden,
Fri Apr 10 2026,7:30p,PHI,,IND,,,,,,Gainbridge Fieldhouse,
Fri Apr 10 2026,7:30p,CLE,,ATL,,,,,,State Farm Arena,
Fri Apr 10 2026,7:30p,TOR,,NYK,,,,,,Madison Square Garden (IV),
Fri Apr 10 2026,8:00p,ORL,,CHI,,,,,,United Center,
Fri Apr 10 2026,8:00p,MIN,,HOU,,,,,,Toyota Center,
Fri Apr 10 2026,8:00p,BKN,,MIL,,,,,,Fiserv Forum,
Fri Apr 10 2026,8:00p,DAL,,SAS,,,,,,Frost Bank Center,
Fri Apr 10 2026,9:30p,MEM,,UTA,,,,,,Delta Center,
Fri Apr 10 2026,10:00p,OKC,,DEN,,,,,,Ball Arena,
Fri Apr 10 2026,10:00p,LAC,,POR,,,,,,Moda Center,
Fri Apr 10 2026,10:00p,GSW,,SAC,,,,,,Golden 1 Center,
Fri Apr 10 2026,10:30p,PHX,,LAL,,,,,,Crypto.com Arena,
Sun Apr 12 2026,6:00p,ORL,,BOS,,,,,,TD Garden,
Sun Apr 12 2026,6:00p,WAS,,CLE,,,,,,Rocket Arena,
Sun Apr 12 2026,6:00p,DET,,IND,,,,,,Gainbridge Fieldhouse,
Sun Apr 12 2026,6:00p,ATL,,MIA,,,,,,Kaseya Center,
Sun Apr 12 2026,6:00p,CHA,,NYK,,,,,,Madison Square Garden (IV),
Sun Apr 12 2026,6:00p,MIL,,PHI,,,,,,Xfinity Mobile Arena,
Sun Apr 12 2026,6:00p,BKN,,TOR,,,,,,Scotiabank Arena,
Sun Apr 12 2026,8:30p,CHI,,DAL,,,,,,American Airlines Center,
Sun Apr 12 2026,8:30p,MEM,,HOU,,,,,,Toyota Center,
Sun Apr 12 2026,8:30p,GSW,,LAC,,,,,,Intuit Dome,
Sun Apr 12 2026,8:30p,UTA,,LAL,,,,,,Crypto.com Arena,
Sun Apr 12 2026,8:30p,NOP,,MIN,,,,,,Target Center,
Sun Apr 12 2026,8:30p,PHX,,OKC,,,,,,Paycom Center,
Sun Apr 12 2026,8:30p,SAC,,POR,,,,,,Moda Center,
Sun Apr 12 2026,8:30p,DEN,,SAS,,,,,,Frost Bank Center,
